{"type":"FeatureCollection","attribution":"「令和2年国勢調査 町丁・字等別境界データ」（総務省統計局）を加工して作成","features":[{"type":"Feature","geometry":{"type":"Polygon","coordinates":[[[142.39685,43.66392],[142.39804,43.66377],[142.39937,43.66401],[142.40015,43.66423],[142.40116,43.66478],[142.40228,43.665],[142.40318,43.66499],[142.40584,43.6645],[142.40852,43.66419],[142.41015,43.6636],[142.41042,43.66335],[142.41098,43.6631],[142.41161,43.66298],[142.41182,43.66298],[142.41252,43.6633],[142.41354,43.6636],[142.4144,43.66378],[142.41784,43.66402],[142.41994,43.66361],[142.42152,43.66358],[142.4235,43.66326],[142.42391,43.66317],[142.42628,43.66215],[142.42782,43.66191],[142.42824,43.66175],[142.42845,43.66163],[142.4292,43.66049],[142.43034,43.65941],[142.43087,43.65905],[142.43229,43.65855],[142.43375,43.65774],[142.43453,43.65692],[142.43513,43.65603],[142.43592,43.65522],[142.43939,43.65367],[142.44031,43.65306],[142.44171,43.65132],[142.44458,43.6487],[142.44492,43.64827],[142.44586,43.64603],[142.44693,43.64506],[142.44717,43.64472],[142.44733,43.64424],[142.44771,43.64251],[142.44759,43.63772],[142.4452,43.63713],[142.44457,43.63768],[142.42725,43.63228],[142.42841,43.6309],[142.42843,43.63064],[142.42824,43.63053],[142.42373,43.63054],[142.42166,43.63039],[142.41781,43.62908],[142.41339,43.62806],[142.40929,43.62728],[142.40812,43.62776],[142.40762,43.62814],[142.40721,43.62868],[142.40707,43.62956],[142.40641,43.63033],[142.40538,43.63097],[142.403,43.63159],[142.40276,43.6315],[142.40193,43.63049],[142.3991,43.62815],[142.39853,43.62783],[142.39751,43.6275],[142.39578,43.62739],[142.3923,43.62572],[142.39191,43.62564],[142.39146,43.62589],[142.3912,43.62632],[142.39103,43.6273],[142.39093,43.62896],[142.39108,43.63069],[142.38931,43.63307],[142.38851,43.6345],[142.3883,43.63502],[142.38811,43.6362],[142.388,43.63716],[142.38808,43.63783],[142.38816,43.6383],[142.38837,43.63867],[142.38963,43.64019],[142.39047,43.64101],[142.39421,43.64207],[142.39472,43.64234],[142.39571,43.64302],[142.39882,43.64558],[142.39987,43.64718],[142.40014,43.6482],[142.40012,43.64876],[142.39975,43.64986],[142.39912,43.65116],[142.39803,43.65212],[142.39715,43.65248],[142.39447,43.65313],[142.39393,43.65359],[142.39363,43.65414],[142.39303,43.65602],[142.39304,43.65666],[142.39357,43.65834],[142.39395,43.65899],[142.39472,43.65996],[142.39499,43.66056],[142.39505,43.66129],[142.39481,43.66199],[142.39445,43.66254],[142.39376,43.66302],[142.39326,43.66354],[142.39273,43.66454],[142.39261,43.66552],[142.39308,43.66546],[142.39565,43.66425],[142.39685,43.66392]]]},"properties":{"id":"d0170","name":"旭","kind":"aza","label":[142.42257,43.64532]}},{"type":"Feature","geometry":{"type":"Polygon","coordinates":[[[142.44759,43.63772],[142.44766,43.63663],[142.44783,43.63628],[142.4484,43.63577],[142.45102,43.6339],[142.45235,43.63345],[142.45361,43.63251],[142.45542,43.63181],[142.45699,43.6314],[142.45725,43.63122],[142.45785,43.63044],[142.45816,43.62959],[142.4584,43.62936],[142.46223,43.6265],[142.46483,43.62506],[142.46613,43.6249],[142.4668,43.62492],[142.46737,43.62191],[142.46804,43.62077],[142.47121,43.61795],[142.46895,43.61621],[142.46846,43.61538],[142.46825,43.6147],[142.46809,43.61355],[142.46621,43.61398],[142.46394,43.61405],[142.4618,43.61522],[142.46087,43.61542],[142.46001,43.61504],[142.45953,43.61501],[142.45838,43.61531],[142.4578,43.61531],[142.45631,43.6146],[142.45545,43.61482],[142.45478,43.61482],[142.45401,43.61451],[142.45042,43.6126],[142.44974,43.61277],[142.4472,43.61375],[142.44346,43.61478],[142.44207,43.61479],[142.44049,43.61458],[142.43957,43.61686],[142.43951,43.61771],[142.43919,43.61842],[142.43871,43.61805],[142.43534,43.61832],[142.43053,43.6206],[142.42548,43.62135],[142.42446,43.6221],[142.42325,43.62224],[142.42023,43.62181],[142.41963,43.62398],[142.41565,43.6246],[142.41141,43.6256],[142.4105,43.62659],[142.40989,43.62703],[142.40929,43.62728],[142.41339,43.62806],[142.41781,43.62908],[142.42166,43.63039],[142.42373,43.63054],[142.42824,43.63053],[142.42843,43.63064],[142.42841,43.6309],[142.42725,43.63228],[142.44457,43.63768],[142.4452,43.63713],[142.44759,43.63772]]]},"properties":{"id":"d0180","name":"北瑛","kind":"aza","label":[142.43844,43.62533]}},{"type":"Feature","geometry":{"type":"Polygon","coordinates":[[[142.4618,43.61522],[142.46394,43.61405],[142.46621,43.61398],[142.46809,43.61355],[142.46867,43.61106],[142.46925,43.60935],[142.47001,43.60793],[142.47244,43.60572],[142.47365,43.60513],[142.47316,43.60163],[142.47244,43.60067],[142.46917,43.59877],[142.4684,43.59868],[142.46752,43.59808],[142.46678,43.59779],[142.46533,43.59778],[142.4633,43.59831],[142.46217,43.5984],[142.45885,43.59601],[142.45637,43.59501],[142.45326,43.5941],[142.45196,43.59315],[142.45084,43.59194],[142.44924,43.59118],[142.44817,43.59079],[142.4472,43.59012],[142.44661,43.58909],[142.44591,43.58826],[142.44546,43.58813],[142.44244,43.58802],[142.44203,43.58697],[142.44241,43.58601],[142.44241,43.58558],[142.4421,43.58522],[142.44053,43.58499],[142.43756,43.58513],[142.4368,43.58498],[142.4362,43.58463],[142.43521,43.58332],[142.43473,43.58327],[142.43421,43.58362],[142.43407,43.58406],[142.43428,43.58604],[142.43459,43.58726],[142.43458,43.58793],[142.43421,43.58821],[142.4338,43.58836],[142.43275,43.58811],[142.43129,43.58727],[142.43053,43.58643],[142.4293,43.58471],[142.42903,43.58456],[142.42866,43.58468],[142.42843,43.58514],[142.42793,43.58535],[142.42767,43.58581],[142.42784,43.58628],[142.42769,43.58655],[142.42765,43.58756],[142.4275,43.58791],[142.42719,43.58818],[142.4259,43.5883],[142.42477,43.58818],[142.423,43.58768],[142.42265,43.58773],[142.42097,43.58849],[142.42049,43.58853],[142.41908,43.5878],[142.41893,43.58747],[142.41867,43.58723],[142.4178,43.58711],[142.41701,43.58722],[142.415,43.58863],[142.41437,43.58936],[142.41429,43.58984],[142.41468,43.59086],[142.41468,43.59135],[142.41396,43.59294],[142.41298,43.59381],[142.41659,43.59626],[142.41846,43.59698],[142.42001,43.59743],[142.42487,43.59721],[142.42663,43.59735],[142.42806,43.59773],[142.43081,43.59911],[142.44307,43.60567],[142.44224,43.60648],[142.44383,43.60772],[142.44399,43.60796],[142.44384,43.60844],[142.44345,43.60867],[142.44324,43.60894],[142.44347,43.60939],[142.4441,43.61005],[142.4479,43.61126],[142.45401,43.61451],[142.45478,43.61482],[142.45545,43.61482],[142.45631,43.6146],[142.4578,43.61531],[142.45838,43.61531],[142.45953,43.61501],[142.46001,43.61504],[142.46087,43.61542],[142.4618,43.61522]]]},"properties":{"id":"d0190","name":"大村","kind":"aza","label":[142.45169,43.59989]}},{"type":"Feature","geometry":{"type":"Polygon","coordinates":[[[142.41963,43.62398],[142.42051,43.62076],[142.42162,43.61483],[142.42081,43.61402],[142.42064,43.61316],[142.42116,43.61273],[142.42359,43.61197],[142.42455,43.61172],[142.42646,43.61154],[142.42665,43.60916],[142.42695,43.60723],[142.43171,43.6064],[142.43152,43.60604],[142.43156,43.60555],[142.43246,43.60518],[142.43908,43.60569],[142.44188,43.60628],[142.44224,43.60648],[142.44307,43.60567],[142.43081,43.59911],[142.42806,43.59773],[142.42663,43.59735],[142.42487,43.59721],[142.42001,43.59743],[142.41846,43.59698],[142.41659,43.59626],[142.41298,43.59381],[142.41026,43.59401],[142.40933,43.59395],[142.40612,43.59351],[142.40459,43.59318],[142.4024,43.59338],[142.40134,43.59364],[142.40018,43.59376],[142.39913,43.59408],[142.39798,43.59509],[142.39787,43.5955],[142.39805,43.59621],[142.39847,43.59678],[142.39914,43.59728],[142.39945,43.59777],[142.39955,43.59833],[142.39924,43.60113],[142.39947,43.6015],[142.39996,43.60186],[142.40161,43.60227],[142.40224,43.60261],[142.40265,43.6031],[142.40279,43.60403],[142.40233,43.60496],[142.4014,43.60592],[142.40063,43.60742],[142.40086,43.60894],[142.40066,43.61099],[142.40085,43.61357],[142.40195,43.61514],[142.40227,43.61595],[142.40313,43.61683],[142.40386,43.61705],[142.40584,43.61691],[142.40769,43.61662],[142.408,43.61666],[142.40853,43.61686],[142.41124,43.61883],[142.41162,43.61935],[142.41197,43.62009],[142.4121,43.62156],[142.41179,43.62455],[142.4116,43.62535],[142.41141,43.6256],[142.41565,43.6246],[142.41963,43.62398]]]},"properties":{"id":"d0200","name":"美田","kind":"aza","label":[142.41366,43.61008]}},{"type":"Feature","geometry":{"type":"Polygon","coordinates":[[[142.41124,43.61883],[142.40853,43.61686],[142.408,43.61666],[142.40769,43.61662],[142.40584,43.61691],[142.40386,43.61705],[142.40313,43.61683],[142.40227,43.61595],[142.40195,43.61514],[142.40085,43.61357],[142.40066,43.61099],[142.40086,43.60894],[142.40063,43.60742],[142.4014,43.60592],[142.40233,43.60496],[142.40279,43.60403],[142.40265,43.6031],[142.40224,43.60261],[142.40161,43.60227],[142.39996,43.60186],[142.39947,43.6015],[142.39924,43.60113],[142.39955,43.59833],[142.39945,43.59777],[142.39914,43.59728],[142.39847,43.59678],[142.39805,43.59621],[142.39787,43.5955],[142.39443,43.59413],[142.39202,43.59357],[142.3911,43.59326],[142.39027,43.59282],[142.38842,43.59136],[142.38578,43.58891],[142.38161,43.58451],[142.37777,43.58138],[142.37596,43.5801],[142.3733,43.57857],[142.36859,43.57561],[142.36819,43.57569],[142.36633,43.57498],[142.36513,43.57591],[142.36588,43.57711],[142.36432,43.57705],[142.3619,43.57747],[142.36027,43.57725],[142.35919,43.57682],[142.3587,43.5765],[142.35835,43.57645],[142.35764,43.57668],[142.35708,43.57736],[142.35639,43.57765],[142.35409,43.57775],[142.35287,43.57822],[142.35144,43.57896],[142.35091,43.5789],[142.35031,43.57858],[142.3491,43.57733],[142.34833,43.57699],[142.34678,43.57694],[142.34474,43.57744],[142.3441,43.57746],[142.3432,43.57711],[142.34231,43.57823],[142.34231,43.57916],[142.34285,43.58063],[142.34415,43.58357],[142.34754,43.58524],[142.34925,43.5862],[142.35098,43.58781],[142.35163,43.58908],[142.35152,43.59058],[142.35046,43.5921],[142.35025,43.593],[142.35138,43.59554],[142.35332,43.59697],[142.35551,43.5984],[142.35547,43.59896],[142.35318,43.6014],[142.35295,43.60202],[142.35333,43.60297],[142.35552,43.60709],[142.35975,43.60689],[142.36039,43.60704],[142.36103,43.60762],[142.36055,43.6095],[142.36121,43.61042],[142.36286,43.61222],[142.36783,43.61193],[142.37089,43.61209],[142.37637,43.61262],[142.377,43.61249],[142.37971,43.61086],[142.38519,43.61603],[142.3881,43.61923],[142.38922,43.62139],[142.3922,43.62569],[142.39578,43.62739],[142.39751,43.6275],[142.39853,43.62783],[142.3991,43.62815],[142.40193,43.63049],[142.40276,43.6315],[142.403,43.63159],[142.40538,43.63097],[142.40641,43.63033],[142.40707,43.62956],[142.40721,43.62868],[142.40762,43.62814],[142.40812,43.62776],[142.40989,43.62703],[142.4105,43.62659],[142.4116,43.62535],[142.41179,43.62455],[142.4121,43.62156],[142.41197,43.62009],[142.41162,43.61935],[142.41124,43.61883]]]},"properties":{"id":"d0210","name":"五稜","kind":"aza","label":[142.37818,43.60357]}},{"type":"Feature","geometry":{"type":"Polygon","coordinates":[[[142.39146,43.62589],[142.39191,43.62564],[142.3922,43.62569],[142.38922,43.62139],[142.3881,43.61923],[142.38519,43.61603],[142.37971,43.61086],[142.377,43.61249],[142.37637,43.61262],[142.37089,43.61209],[142.36783,43.61193],[142.36286,43.61222],[142.36121,43.61042],[142.36055,43.6095],[142.36103,43.60762],[142.36039,43.60704],[142.35975,43.60689],[142.35552,43.60709],[142.35333,43.60297],[142.35295,43.60202],[142.35318,43.6014],[142.35547,43.59896],[142.35551,43.5984],[142.35332,43.59697],[142.35138,43.59554],[142.35025,43.593],[142.35046,43.5921],[142.35152,43.59058],[142.35163,43.58908],[142.35098,43.58781],[142.34925,43.5862],[142.34754,43.58524],[142.34415,43.58357],[142.34285,43.58063],[142.34231,43.57916],[142.34231,43.57823],[142.3432,43.57711],[142.3441,43.57746],[142.34474,43.57744],[142.34678,43.57694],[142.34833,43.57699],[142.3491,43.57733],[142.35031,43.57858],[142.35091,43.5789],[142.35144,43.57896],[142.35287,43.57822],[142.35409,43.57775],[142.35639,43.57765],[142.35708,43.57736],[142.35764,43.57668],[142.35835,43.57645],[142.3587,43.5765],[142.35919,43.57682],[142.36027,43.57725],[142.3619,43.57747],[142.36432,43.57705],[142.36588,43.57711],[142.36513,43.57591],[142.36633,43.57498],[142.36819,43.57569],[142.37051,43.57522],[142.37177,43.57485],[142.37459,43.57373],[142.37706,43.57326],[142.37788,43.57245],[142.37767,43.57189],[142.37731,43.57145],[142.37572,43.57162],[142.37577,43.57085],[142.37511,43.56971],[142.3754,43.56873],[142.37616,43.56757],[142.37115,43.5638],[142.36951,43.56208],[142.36591,43.55672],[142.37354,43.55016],[142.38105,43.55089],[142.38177,43.55062],[142.38589,43.54803],[142.38595,43.54758],[142.38633,43.54728],[142.38801,43.54689],[142.38883,43.54648],[142.38962,43.54625],[142.39065,43.54615],[142.39109,43.54594],[142.39207,43.54498],[142.393,43.54368],[142.39535,43.54185],[142.39952,43.53924],[142.4006,43.53843],[142.40261,43.53767],[142.40289,43.53624],[142.40283,43.53573],[142.40229,43.53474],[142.40229,43.53419],[142.40193,43.53319],[142.40233,43.5317],[142.40229,43.53106],[142.40193,43.5307],[142.40175,43.5302],[142.40226,43.52836],[142.40218,43.52807],[142.40153,43.52758],[142.40124,43.52686],[142.40051,43.52602],[142.40135,43.52572],[142.40159,43.52274],[142.40125,43.52172],[142.40133,43.52096],[142.40113,43.52005],[142.40119,43.51952],[142.40058,43.51893],[142.40058,43.51809],[142.40146,43.51714],[142.40159,43.51618],[142.40174,43.51591],[142.4017,43.51488],[142.40202,43.51441],[142.40193,43.5137],[142.40225,43.51236],[142.40208,43.51201],[142.40228,43.51148],[142.40218,43.51074],[142.40226,43.51052],[142.40187,43.50977],[142.4019,43.50892],[142.4018,43.50842],[142.40191,43.50788],[142.40175,43.50733],[142.40193,43.5071],[142.40276,43.50664],[142.40289,43.50632],[142.40287,43.5058],[142.40189,43.50531],[142.40185,43.50505],[142.40198,43.50456],[142.40216,43.50438],[142.40229,43.50377],[142.40216,43.50345],[142.39947,43.50114],[142.39927,43.50021],[142.39792,43.49922],[142.39792,43.49768],[142.3972,43.49637],[142.39712,43.49599],[142.39722,43.4956],[142.39849,43.49383],[142.39854,43.49334],[142.39797,43.49244],[142.39775,43.49149],[142.39775,43.49099],[142.39814,43.49003],[142.39826,43.48904],[142.39772,43.48784],[142.3975,43.48668],[142.39776,43.48346],[142.39767,43.48308],[142.39676,43.48155],[142.39672,43.48131],[142.39772,43.47997],[142.39783,43.47941],[142.39789,43.4765],[142.3989,43.47519],[142.39856,43.47372],[142.39657,43.47313],[142.39579,43.47279],[142.39468,43.47143],[142.39369,43.4704],[142.39247,43.47094],[142.39121,43.47033],[142.39088,43.47036],[142.38823,43.47197],[142.38702,43.47185],[142.38597,43.47222],[142.38552,43.47156],[142.38476,43.47144],[142.38424,43.47122],[142.38268,43.46985],[142.3818,43.46862],[142.38112,43.46819],[142.38044,43.46805],[142.37961,43.46802],[142.37849,43.46825],[142.37813,43.46846],[142.37747,43.46912],[142.3772,43.46951],[142.37648,43.47137],[142.37298,43.46993],[142.37206,43.46977],[142.3711,43.46994],[142.3703,43.46985],[142.36958,43.46943],[142.36774,43.46781],[142.36705,43.46756],[142.36544,43.46775],[142.36326,43.46756],[142.35871,43.46641],[142.35705,43.46617],[142.35607,43.46775],[142.35625,43.46885],[142.35622,43.46954],[142.3561,43.47],[142.35531,43.47121],[142.35526,43.47206],[142.35545,43.47299],[142.35542,43.47408],[142.35596,43.47571],[142.35775,43.47772],[142.35981,43.47881],[142.36374,43.48121],[142.36525,43.48237],[142.36613,43.48388],[142.368,43.48622],[142.3681,43.48704],[142.36784,43.48756],[142.36648,43.48944],[142.36485,43.49265],[142.36476,43.49308],[142.36496,43.49392],[142.36456,43.49466],[142.36326,43.49569],[142.36185,43.49618],[142.36102,43.49624],[142.35951,43.49705],[142.3594,43.49779],[142.35896,43.49837],[142.35568,43.49981],[142.35502,43.49991],[142.35312,43.4997],[142.35247,43.49981],[142.35181,43.50021],[142.35097,43.50123],[142.35054,43.50234],[142.35019,43.50297],[142.34804,43.50516],[142.34685,43.50586],[142.34545,43.50653],[142.34437,43.50661],[142.34328,43.50687],[142.34305,43.50715],[142.34288,43.50763],[142.34244,43.50795],[142.34051,43.50713],[142.33883,43.50601],[142.33782,43.50573],[142.33716,43.50588],[142.33604,43.50749],[142.3352,43.50993],[142.33483,43.51187],[142.33533,43.5143],[142.33467,43.51534],[142.33383,43.51765],[142.33335,43.51793],[142.33181,43.52096],[142.33166,43.52116],[142.33057,43.52033],[142.32986,43.52024],[142.32856,43.52039],[142.32782,43.52083],[142.32709,43.52161],[142.32663,43.52266],[142.32694,43.52383],[142.32541,43.52464],[142.32483,43.52507],[142.32467,43.52731],[142.32622,43.52988],[142.32388,43.53003],[142.32218,43.53031],[142.32139,43.53072],[142.32068,43.53137],[142.32033,43.53209],[142.3204,43.53275],[142.3208,43.53374],[142.3221,43.53524],[142.32314,43.53744],[142.32296,43.538],[142.32195,43.53916],[142.32151,43.54032],[142.32181,43.54427],[142.32247,43.5459],[142.3226,43.54796],[142.32304,43.54961],[142.32369,43.5506],[142.32502,43.55158],[142.32618,43.55282],[142.32705,43.55438],[142.32764,43.55574],[142.32805,43.55771],[142.32819,43.55939],[142.32799,43.55987],[142.32706,43.56074],[142.327,43.56112],[142.32724,43.56168],[142.32858,43.56372],[142.32856,43.56408],[142.32832,43.56444],[142.32769,43.56501],[142.32508,43.56784],[142.32479,43.56838],[142.32428,43.57129],[142.32402,43.57159],[142.32342,43.57198],[142.32246,43.57344],[142.32257,43.57394],[142.32315,43.57431],[142.32331,43.57452],[142.32309,43.57528],[142.32315,43.57546],[142.32291,43.57585],[142.32292,43.57608],[142.3234,43.57664],[142.32375,43.57684],[142.32417,43.57698],[142.32531,43.57703],[142.32686,43.57768],[142.32704,43.57789],[142.32714,43.5783],[142.32763,43.57821],[142.32804,43.5783],[142.32863,43.57877],[142.32879,43.57931],[142.32999,43.57986],[142.33073,43.58088],[142.33203,43.5811],[142.33271,43.58141],[142.33392,43.58251],[142.33416,43.58293],[142.33397,43.58325],[142.33409,43.58371],[142.33471,43.58421],[142.33539,43.58443],[142.33738,43.58426],[142.33752,43.58432],[142.33802,43.58499],[142.33838,43.58523],[142.33899,43.58552],[142.33961,43.58562],[142.34042,43.58608],[142.34125,43.58683],[142.34115,43.587],[142.34037,43.5873],[142.34008,43.5876],[142.3401,43.58772],[142.34073,43.58823],[142.34101,43.58885],[142.34117,43.5895],[142.34119,43.59107],[142.341,43.59163],[142.34103,43.59195],[142.34238,43.59333],[142.3424,43.59373],[142.34193,43.59449],[142.34155,43.59468],[142.34081,43.59456],[142.34059,43.59471],[142.34062,43.59501],[142.34088,43.59563],[142.34212,43.59668],[142.34219,43.59703],[142.34179,43.59855],[142.34202,43.59895],[142.34348,43.60078],[142.34382,43.60194],[142.34433,43.60285],[142.34469,43.60321],[142.34564,43.60342],[142.34706,43.6034],[142.34736,43.60378],[142.34766,43.60454],[142.34704,43.60578],[142.34703,43.60611],[142.34755,43.60654],[142.34884,43.6069],[142.34938,43.60731],[142.34913,43.60797],[142.34903,43.60878],[142.34905,43.60913],[142.34936,43.60977],[142.34995,43.61018],[142.35119,43.61059],[142.3518,43.61102],[142.35225,43.61155],[142.35225,43.61244],[142.35235,43.61269],[142.35288,43.61325],[142.35343,43.61334],[142.35436,43.61308],[142.35486,43.61313],[142.35511,43.61338],[142.35509,43.61413],[142.3552,43.61438],[142.3568,43.61468],[142.35733,43.61498],[142.35742,43.61519],[142.35743,43.61719],[142.35787,43.61815],[142.35833,43.61829],[142.35882,43.61817],[142.35887,43.61798],[142.35878,43.61722],[142.35884,43.61696],[142.35906,43.61672],[142.35999,43.61627],[142.36094,43.6163],[142.36131,43.61646],[142.3615,43.61666],[142.36155,43.6169],[142.36132,43.61811],[142.36142,43.61894],[142.36282,43.61897],[142.36443,43.61963],[142.36556,43.61948],[142.36571,43.61932],[142.36586,43.61871],[142.36582,43.61773],[142.36602,43.61751],[142.36826,43.6177],[142.36932,43.61752],[142.37161,43.61692],[142.37287,43.61646],[142.37375,43.61629],[142.37583,43.61622],[142.37635,43.61632],[142.37681,43.6167],[142.3767,43.6174],[142.37693,43.61789],[142.37742,43.61833],[142.37815,43.61871],[142.37942,43.61891],[142.38346,43.62045],[142.38391,43.62076],[142.38391,43.62104],[142.38361,43.62125],[142.38241,43.62167],[142.38221,43.62186],[142.38239,43.62254],[142.38223,43.62335],[142.38233,43.62354],[142.38271,43.62377],[142.38377,43.62406],[142.38653,43.62469],[142.38826,43.62491],[142.38868,43.62505],[142.38946,43.62569],[142.38951,43.62597],[142.38917,43.62703],[142.38892,43.62853],[142.38861,43.62891],[142.3885,43.62927],[142.3887,43.62999],[142.38895,43.63033],[142.38977,43.63102],[142.38984,43.63139],[142.38931,43.63307],[142.39108,43.63069],[142.39093,43.62896],[142.39103,43.6273],[142.3912,43.62632],[142.39146,43.62589]]]},"properties":{"id":"d0220","name":"二股","kind":"aza","label":[142.35307,43.54989]}},{"type":"Feature","geometry":{"type":"Polygon","coordinates":[[[142.41298,43.59381],[142.41396,43.59294],[142.41468,43.59135],[142.41468,43.59086],[142.41429,43.58984],[142.41437,43.58936],[142.415,43.58863],[142.41701,43.58722],[142.4178,43.58711],[142.41867,43.58723],[142.41893,43.58747],[142.41908,43.5878],[142.42049,43.58853],[142.42097,43.58849],[142.42265,43.58773],[142.423,43.58768],[142.42477,43.58818],[142.4259,43.5883],[142.42719,43.58818],[142.4275,43.58791],[142.42765,43.58756],[142.42769,43.58655],[142.42784,43.58628],[142.42767,43.58581],[142.42793,43.58535],[142.42843,43.58514],[142.42866,43.58468],[142.42903,43.58456],[142.4293,43.58471],[142.43053,43.58643],[142.43129,43.58727],[142.43275,43.58811],[142.4338,43.58836],[142.43421,43.58821],[142.43458,43.58793],[142.43459,43.58726],[142.43428,43.58604],[142.43407,43.58406],[142.43165,43.58106],[142.43109,43.58006],[142.43077,43.57903],[142.43063,43.57747],[142.43077,43.57545],[142.43057,43.57274],[142.42933,43.56906],[142.42844,43.56674],[142.42751,43.56543],[142.42678,43.5638],[142.42636,43.56101],[142.42596,43.55948],[142.42599,43.55865],[142.42635,43.55815],[142.42928,43.55663],[142.43009,43.556],[142.43086,43.55503],[142.43187,43.55255],[142.43199,43.55196],[142.43203,43.55084],[142.43158,43.55097],[142.4306,43.55096],[142.42955,43.55068],[142.42719,43.54923],[142.42754,43.54857],[142.4284,43.54795],[142.42871,43.5476],[142.42911,43.54557],[142.42935,43.54507],[142.42972,43.54473],[142.43118,43.54394],[142.43083,43.5424],[142.43045,43.54153],[142.4304,43.54016],[142.43031,43.53992],[142.42944,43.53872],[142.42935,43.53808],[142.42906,43.5378],[142.42827,43.53738],[142.42805,43.53687],[142.42828,43.53585],[142.42831,43.53487],[142.42733,43.53413],[142.42641,43.53396],[142.42584,43.53406],[142.42479,43.53463],[142.42378,43.53565],[142.42334,43.53648],[142.42141,43.53688],[142.4206,43.53654],[142.41999,43.53589],[142.41964,43.53514],[142.41923,43.53487],[142.41858,43.53479],[142.41792,43.53448],[142.41679,43.53363],[142.41622,43.53411],[142.41497,43.53479],[142.41264,43.53705],[142.41225,43.53802],[142.41222,43.53931],[142.41157,43.5403],[142.41106,43.54146],[142.41008,43.54045],[142.40949,43.54011],[142.40805,43.53973],[142.40535,43.53984],[142.40338,43.53836],[142.40254,43.53806],[142.40261,43.53767],[142.4006,43.53843],[142.39952,43.53924],[142.39535,43.54185],[142.393,43.54368],[142.39207,43.54498],[142.39109,43.54594],[142.39065,43.54615],[142.38962,43.54625],[142.38883,43.54648],[142.38801,43.54689],[142.38633,43.54728],[142.38595,43.54758],[142.38589,43.54803],[142.38652,43.549],[142.38714,43.54941],[142.3872,43.5505],[142.38776,43.55143],[142.38804,43.55162],[142.38883,43.55172],[142.38869,43.55232],[142.38806,43.55235],[142.388,43.55254],[142.38868,43.55356],[142.38923,43.5539],[142.39014,43.55428],[142.39007,43.55505],[142.39044,43.55545],[142.39092,43.55571],[142.39113,43.5565],[142.3912,43.55736],[142.39168,43.55774],[142.39191,43.5581],[142.3921,43.55896],[142.39234,43.55934],[142.39225,43.55999],[142.39323,43.56184],[142.39318,43.56261],[142.39295,43.56377],[142.39315,43.56527],[142.39289,43.56551],[142.39306,43.56577],[142.39347,43.566],[142.39429,43.56629],[142.39437,43.5675],[142.39446,43.56776],[142.39485,43.56808],[142.39519,43.56819],[142.39594,43.56822],[142.39757,43.56885],[142.39886,43.56983],[142.3991,43.57019],[142.39918,43.57061],[142.3975,43.57141],[142.39652,43.57147],[142.39644,43.57164],[142.39651,43.57187],[142.39754,43.57226],[142.39838,43.57306],[142.39847,43.57329],[142.39756,43.5738],[142.3975,43.57414],[142.39681,43.57506],[142.39685,43.57522],[142.39731,43.57529],[142.39872,43.57487],[142.40075,43.57487],[142.40145,43.57515],[142.40168,43.57563],[142.40168,43.57598],[142.40126,43.57608],[142.39979,43.57613],[142.39935,43.57635],[142.39876,43.57697],[142.3981,43.5774],[142.39754,43.57755],[142.39728,43.57791],[142.39721,43.57834],[142.39799,43.57886],[142.39754,43.5812],[142.39802,43.58164],[142.39959,43.58271],[142.40013,43.5833],[142.40021,43.58421],[142.39993,43.58478],[142.39954,43.58489],[142.39918,43.58514],[142.39902,43.5855],[142.39908,43.58576],[142.39891,43.58606],[142.39883,43.58693],[142.39904,43.5873],[142.39927,43.58739],[142.39973,43.58734],[142.39989,43.58744],[142.40022,43.58808],[142.4001,43.58845],[142.39931,43.58946],[142.39887,43.58971],[142.39863,43.59107],[142.39867,43.59189],[142.40018,43.59376],[142.40134,43.59364],[142.4024,43.59338],[142.40459,43.59318],[142.40612,43.59351],[142.41026,43.59401],[142.41298,43.59381]]]},"properties":{"id":"d0230","name":"瑠辺蘂","kind":"aza","label":[142.41008,43.56454]}},{"type":"Feature","geometry":{"type":"Polygon","coordinates":[[[142.45133,43.53725],[142.44805,43.5351],[142.44344,43.53806],[142.4418,43.53868],[142.44168,43.53977],[142.44038,43.54143],[142.44033,43.54178],[142.4404,43.54282],[142.43871,43.54533],[142.43736,43.54665],[142.43716,43.54849],[142.43627,43.54867],[142.43605,43.54926],[142.43471,43.55],[142.43455,43.55034],[142.4334,43.551],[142.43225,43.55078],[142.43203,43.55084],[142.43199,43.55196],[142.43187,43.55255],[142.43086,43.55503],[142.43009,43.556],[142.42928,43.55663],[142.42635,43.55815],[142.42599,43.55865],[142.42596,43.55948],[142.42636,43.56101],[142.42678,43.5638],[142.42751,43.56543],[142.42844,43.56674],[142.42933,43.56906],[142.43057,43.57274],[142.43077,43.57545],[142.43063,43.57747],[142.43077,43.57903],[142.43109,43.58006],[142.43165,43.58106],[142.4332,43.58299],[142.43406,43.58208],[142.43548,43.58164],[142.43621,43.58075],[142.43645,43.5801],[142.43666,43.57986],[142.43708,43.57975],[142.43787,43.57984],[142.43919,43.58023],[142.43983,43.58054],[142.44093,43.57886],[142.44259,43.5768],[142.44506,43.57421],[142.44715,43.57223],[142.44839,43.57134],[142.45104,43.56998],[142.45228,43.568],[142.45549,43.56381],[142.4561,43.56273],[142.4566,43.5622],[142.45737,43.56175],[142.46092,43.56224],[142.46242,43.55528],[142.46265,43.55276],[142.46248,43.55227],[142.46207,43.55169],[142.46127,43.55087],[142.45195,43.54565],[142.45085,43.54484],[142.45045,43.54429],[142.45036,43.54365],[142.45042,43.54314],[142.45126,43.54193],[142.45133,43.54159],[142.45119,43.54061],[142.45084,43.54006],[142.45053,43.53975],[142.45091,43.53941],[142.45179,43.54036],[142.45698,43.53651],[142.45502,43.53506],[142.45448,43.53617],[142.4537,43.53598],[142.45299,43.53598],[142.45133,43.53725]]]},"properties":{"id":"d0240","name":"美馬牛","kind":"aza","label":[142.44379,43.55907]}},{"type":"Feature","geometry":{"type":"Polygon","coordinates":[[[142.46989,43.54185],[142.47237,43.53967],[142.47338,43.53887],[142.47377,43.53868],[142.48112,43.53895],[142.48188,43.5382],[142.4832,43.53747],[142.48613,43.53644],[142.48748,43.53579],[142.48819,43.53516],[142.48853,43.53441],[142.48869,43.53343],[142.48859,43.53172],[142.4896,43.53056],[142.48989,43.53034],[142.49189,43.52982],[142.49179,43.5294],[142.49139,43.52923],[142.49024,43.52914],[142.48845,43.52914],[142.48526,43.52786],[142.48708,43.52682],[142.48877,43.52606],[142.49261,43.52457],[142.49667,43.5241],[142.49598,43.5212],[142.50917,43.5189],[142.50834,43.51853],[142.50797,43.51827],[142.50783,43.51782],[142.50791,43.51668],[142.50813,43.51572],[142.50808,43.51531],[142.50775,43.51504],[142.5066,43.51488],[142.50615,43.51465],[142.50615,43.51436],[142.50897,43.51313],[142.50947,43.51259],[142.50965,43.51186],[142.50928,43.51102],[142.50806,43.51019],[142.50786,43.50975],[142.50867,43.50801],[142.50935,43.50764],[142.51086,43.50721],[142.51257,43.50707],[142.51156,43.50634],[142.5105,43.50615],[142.50997,43.50588],[142.50977,43.50572],[142.50966,43.50529],[142.50983,43.50505],[142.50815,43.504],[142.50814,43.50383],[142.5089,43.50273],[142.50629,43.50186],[142.50575,43.50176],[142.5042,43.50177],[142.50322,43.5021],[142.50274,43.50243],[142.50257,43.50273],[142.50104,43.50343],[142.49987,43.50369],[142.49957,43.50365],[142.49899,43.5033],[142.49805,43.50307],[142.49502,43.50426],[142.48196,43.50668],[142.47838,43.50811],[142.47403,43.51016],[142.47038,43.51201],[142.47005,43.51234],[142.46969,43.51306],[142.46863,43.51387],[142.46692,43.51549],[142.46547,43.51714],[142.45969,43.52464],[142.45279,43.52938],[142.44968,43.53402],[142.44805,43.5351],[142.45133,43.53725],[142.45299,43.53598],[142.4537,43.53598],[142.45448,43.53617],[142.45502,43.53506],[142.45698,43.53651],[142.45179,43.54036],[142.45091,43.53941],[142.45053,43.53975],[142.45084,43.54006],[142.45119,43.54061],[142.45133,43.54159],[142.45126,43.54193],[142.45042,43.54314],[142.45036,43.54365],[142.45045,43.54429],[142.45085,43.54484],[142.45195,43.54565],[142.45994,43.55009],[142.46127,43.55087],[142.46174,43.55135],[142.46212,43.55129],[142.46413,43.54767],[142.46503,43.54644],[142.46989,43.54185]]]},"properties":{"id":"d0250","name":"新星","kind":"aza","label":[142.4725,43.52644]}},{"type":"Feature","geometry":{"type":"MultiPolygon","coordinates":[[[[142.47074,43.5761],[142.47024,43.5749],[142.46929,43.57346],[142.46813,43.57227],[142.46721,43.57182],[142.46713,43.57242],[142.46672,43.57346],[142.46581,43.5751],[142.46368,43.57395],[142.46536,43.57212],[142.46566,43.57165],[142.46566,43.57139],[142.46283,43.57037],[142.4598,43.56971],[142.45529,43.57898],[142.45498,43.58045],[142.45489,43.58258],[142.45554,43.58165],[142.45836,43.57893],[142.45932,43.57866],[142.46035,43.57759],[142.46134,43.57689],[142.46403,43.57876],[142.46245,43.58037],[142.46153,43.58149],[142.46067,43.58203],[142.46094,43.58295],[142.4623,43.58421],[142.46416,43.58394],[142.46487,43.58362],[142.46639,43.58312],[142.46702,43.58275],[142.46711,43.58244],[142.46884,43.58052],[142.47025,43.57864],[142.47077,43.57736],[142.47074,43.5761]]],[[[142.45221,43.58473],[142.44151,43.57814],[142.44093,43.57886],[142.43983,43.58054],[142.43919,43.58023],[142.43787,43.57984],[142.43708,43.57975],[142.43666,43.57986],[142.43645,43.5801],[142.43621,43.58075],[142.43548,43.58164],[142.43406,43.58208],[142.4332,43.58299],[142.43407,43.58406],[142.43421,43.58362],[142.43473,43.58327],[142.43521,43.58332],[142.4362,43.58463],[142.4368,43.58498],[142.43756,43.58513],[142.44053,43.58499],[142.4421,43.58522],[142.44241,43.58558],[142.44241,43.58601],[142.44203,43.58697],[142.44244,43.58802],[142.44546,43.58813],[142.44591,43.58826],[142.44661,43.58909],[142.4472,43.59012],[142.44809,43.58772],[142.45221,43.58473]]]]},"properties":{"id":"d0260","name":"三愛","kind":"aza","label":[142.44378,43.58435]}},{"type":"Feature","geometry":{"type":"Polygon","coordinates":[[[142.45529,43.57898],[142.4598,43.56971],[142.46283,43.57037],[142.4652,43.57119],[142.46566,43.57139],[142.46566,43.57165],[142.46536,43.57212],[142.46368,43.57395],[142.46581,43.5751],[142.46672,43.57346],[142.46713,43.57242],[142.46721,43.57182],[142.46985,43.56834],[142.47067,43.56775],[142.47322,43.56678],[142.47376,43.56645],[142.47634,43.56401],[142.47808,43.56145],[142.47845,43.56078],[142.47853,43.56035],[142.47878,43.55737],[142.47932,43.555],[142.47987,43.5542],[142.48122,43.54984],[142.48145,43.54946],[142.48303,43.54788],[142.4834,43.54766],[142.48534,43.54701],[142.48575,43.54678],[142.48601,43.54643],[142.48644,43.54487],[142.48676,43.54445],[142.48706,43.54313],[142.48785,43.54165],[142.48831,43.54119],[142.48965,43.54061],[142.49291,43.53827],[142.49487,43.53838],[142.49582,43.53831],[142.50119,43.53574],[142.50318,43.53464],[142.50472,43.53411],[142.50584,43.53389],[142.50731,43.53378],[142.50886,43.53382],[142.5105,43.53368],[142.51301,43.53288],[142.51504,43.53255],[142.51625,43.53259],[142.51826,43.53288],[142.51895,43.53247],[142.51974,43.5322],[142.52163,43.53205],[142.52194,43.53117],[142.52196,43.53014],[142.52171,43.52795],[142.52175,43.52773],[142.52198,43.52724],[142.52324,43.52609],[142.52333,43.52569],[142.52305,43.52545],[142.52122,43.52515],[142.52082,43.52495],[142.52041,43.52454],[142.52013,43.52408],[142.51986,43.52401],[142.5182,43.52439],[142.51745,43.52442],[142.51637,43.52428],[142.51511,43.52457],[142.51261,43.52539],[142.51195,43.52574],[142.5101,43.52706],[142.50704,43.52511],[142.50531,43.52378],[142.5023,43.5253],[142.49767,43.52815],[142.49403,43.53081],[142.49258,43.53139],[142.49155,43.53157],[142.49046,43.53148],[142.4892,43.53108],[142.48859,43.53172],[142.48869,43.53343],[142.48853,43.53441],[142.48819,43.53516],[142.48748,43.53579],[142.48613,43.53644],[142.4832,43.53747],[142.48188,43.5382],[142.48112,43.53895],[142.47377,43.53868],[142.47338,43.53887],[142.46989,43.54185],[142.46503,43.54644],[142.46413,43.54767],[142.46212,43.55129],[142.46174,43.55135],[142.46248,43.55227],[142.46265,43.55276],[142.46242,43.55528],[142.46092,43.56224],[142.45737,43.56175],[142.4566,43.5622],[142.4561,43.56273],[142.45549,43.56381],[142.45228,43.568],[142.45104,43.56998],[142.44839,43.57134],[142.44715,43.57223],[142.44506,43.57421],[142.44259,43.5768],[142.44151,43.57814],[142.45221,43.58473],[142.45449,43.58307],[142.45489,43.58258],[142.45498,43.58045],[142.45529,43.57898]]]},"properties":{"id":"d0270","name":"福富","kind":"aza","label":[142.47104,43.5546]}},{"type":"Feature","geometry":{"type":"Polygon","coordinates":[[[142.4732,43.58132],[142.47648,43.58132],[142.47734,43.58117],[142.47895,43.58047],[142.48325,43.57804],[142.4851,43.57718],[142.4882,43.57592],[142.49196,43.5751],[142.49419,43.57488],[142.49463,43.57323],[142.49697,43.56862],[142.49781,43.56747],[142.49878,43.56652],[142.50058,43.56549],[142.50131,43.56437],[142.50218,43.56362],[142.50223,43.56343],[142.50118,43.56143],[142.50116,43.5602],[142.50135,43.55947],[142.50136,43.55881],[142.50063,43.55811],[142.5012,43.55664],[142.50132,43.55468],[142.50254,43.55299],[142.50311,43.55237],[142.50422,43.55157],[142.50472,43.55102],[142.506,43.54893],[142.50729,43.54891],[142.50815,43.54871],[142.50964,43.54796],[142.5108,43.54697],[142.51296,43.54444],[142.51323,43.544],[142.51338,43.54353],[142.51337,43.54268],[142.5137,43.54189],[142.51466,43.54028],[142.51517,43.53829],[142.51677,43.53603],[142.51754,43.53418],[142.51826,43.53288],[142.51625,43.53259],[142.51504,43.53255],[142.51301,43.53288],[142.5105,43.53368],[142.50886,43.53382],[142.50731,43.53378],[142.50584,43.53389],[142.50472,43.53411],[142.50318,43.53464],[142.50119,43.53574],[142.49582,43.53831],[142.49487,43.53838],[142.49291,43.53827],[142.48965,43.54061],[142.48831,43.54119],[142.48785,43.54165],[142.48706,43.54313],[142.48676,43.54445],[142.48644,43.54487],[142.48601,43.54643],[142.48575,43.54678],[142.48534,43.54701],[142.4834,43.54766],[142.48303,43.54788],[142.48145,43.54946],[142.48122,43.54984],[142.47987,43.5542],[142.47932,43.555],[142.47912,43.55577],[142.47878,43.55737],[142.47845,43.56078],[142.47634,43.56401],[142.47376,43.56645],[142.47322,43.56678],[142.47067,43.56775],[142.46985,43.56834],[142.46721,43.57182],[142.46813,43.57227],[142.46929,43.57346],[142.47024,43.5749],[142.47074,43.5761],[142.47077,43.57736],[142.47025,43.57864],[142.46974,43.57939],[142.46711,43.58244],[142.46702,43.58275],[142.46742,43.58254],[142.47122,43.58151],[142.4732,43.58132]]]},"properties":{"id":"d0280","name":"水沢","kind":"aza","label":[142.48976,43.55774]}},{"type":"Feature","geometry":{"type":"Polygon","coordinates":[[[142.49563,43.5745],[142.49816,43.57459],[142.49917,43.57444],[142.50019,43.57413],[142.50059,43.57389],[142.50167,43.57265],[142.50277,43.57216],[142.50462,43.5716],[142.5078,43.57046],[142.50925,43.56973],[142.50988,43.56896],[142.51052,43.56776],[142.51141,43.56575],[142.51182,43.56512],[142.5122,43.56483],[142.51285,43.56458],[142.51341,43.5641],[142.51438,43.56265],[142.51506,43.56189],[142.51826,43.55943],[142.52022,43.55816],[142.5226,43.55682],[142.52441,43.55543],[142.52463,43.55482],[142.52402,43.55343],[142.53082,43.55119],[142.53529,43.55176],[142.5376,43.55158],[142.53977,43.55115],[142.54136,43.55051],[142.54279,43.54946],[142.54406,43.548],[142.54496,43.54766],[142.54582,43.54803],[142.5461,43.5489],[142.54591,43.5498],[142.54827,43.55174],[142.54901,43.55189],[142.55152,43.5516],[142.55487,43.55106],[142.55988,43.55],[142.5624,43.54979],[142.56313,43.55007],[142.56389,43.55351],[142.56653,43.552],[142.56997,43.55065],[142.57739,43.54848],[142.58025,43.54784],[142.58291,43.54392],[142.58424,43.54155],[142.58672,43.53905],[142.58867,43.53742],[142.59095,43.5358],[142.59278,43.5347],[142.59437,43.53396],[142.59632,43.53324],[142.59682,43.5328],[142.59691,43.5319],[142.59789,43.52701],[142.59785,43.52556],[142.59622,43.52255],[142.59446,43.52088],[142.59124,43.51935],[142.58768,43.51682],[142.59447,43.51437],[142.59693,43.51307],[142.60059,43.50921],[142.60238,43.50773],[142.60647,43.50522],[142.61245,43.50289],[142.61288,43.50238],[142.61283,43.50083],[142.61366,43.49918],[142.61311,43.49936],[142.6068,43.50006],[142.60557,43.50001],[142.60082,43.49721],[142.59905,43.49636],[142.59831,43.49754],[142.59838,43.49868],[142.59802,43.49974],[142.59683,43.50064],[142.59393,43.50313],[142.59238,43.50465],[142.59055,43.506],[142.589,43.50679],[142.5864,43.50871],[142.58311,43.51025],[142.58071,43.51118],[142.57864,43.51217],[142.57666,43.51348],[142.57424,43.51544],[142.57355,43.5157],[142.57276,43.51568],[142.57171,43.5155],[142.56904,43.5129],[142.56735,43.51181],[142.56389,43.50984],[142.56362,43.50959],[142.56354,43.50909],[142.56325,43.50879],[142.56102,43.50799],[142.55989,43.50789],[142.55902,43.50813],[142.55693,43.50905],[142.5559,43.50863],[142.55525,43.50886],[142.55417,43.51036],[142.551,43.51265],[142.54859,43.51503],[142.54671,43.51709],[142.54578,43.51835],[142.54523,43.51929],[142.54501,43.52017],[142.54372,43.52035],[142.539,43.52034],[142.53851,43.52026],[142.53747,43.52273],[142.53739,43.52328],[142.53749,43.5238],[142.53789,43.52417],[142.53926,43.52466],[142.53987,43.52444],[142.54007,43.52449],[142.54021,43.5248],[142.53931,43.52563],[142.53928,43.52601],[142.53977,43.52683],[142.53984,43.52713],[142.54084,43.52784],[142.53928,43.52897],[142.5383,43.52936],[142.53748,43.52948],[142.53095,43.52911],[142.53062,43.52919],[142.53035,43.52938],[142.52967,43.53029],[142.52899,43.53078],[142.52601,43.53169],[142.51974,43.5322],[142.51895,43.53247],[142.51826,43.53288],[142.51754,43.53418],[142.51677,43.53603],[142.51517,43.53829],[142.51466,43.54028],[142.5137,43.54189],[142.51337,43.54268],[142.51338,43.54353],[142.51323,43.544],[142.51296,43.54444],[142.5108,43.54697],[142.50964,43.54796],[142.50815,43.54871],[142.50729,43.54891],[142.506,43.54893],[142.50472,43.55102],[142.50422,43.55157],[142.50311,43.55237],[142.50254,43.55299],[142.50132,43.55468],[142.5012,43.55664],[142.50063,43.55811],[142.50136,43.55881],[142.50135,43.55947],[142.50116,43.5602],[142.50118,43.56143],[142.50223,43.56343],[142.50194,43.56388],[142.50131,43.56437],[142.50058,43.56549],[142.49878,43.56652],[142.49781,43.56747],[142.49697,43.56862],[142.49463,43.57323],[142.49419,43.57488],[142.49563,43.5745]]]},"properties":{"id":"d0290","name":"美沢","kind":"aza","label":[142.55448,43.53525]}},{"type":"Feature","geometry":{"type":"Polygon","coordinates":[[[142.49409,43.59034],[142.49507,43.5903],[142.49551,43.59054],[142.4987,43.59063],[142.50001,43.59083],[142.50252,43.59075],[142.50294,43.59007],[142.50321,43.58935],[142.50392,43.58916],[142.50527,43.58914],[142.5066,43.58956],[142.50818,43.58954],[142.50964,43.58917],[142.51085,43.58857],[142.51316,43.58832],[142.51255,43.58753],[142.51491,43.58598],[142.51627,43.58489],[142.5167,43.58442],[142.51642,43.58387],[142.51729,43.58309],[142.5187,43.58152],[142.51755,43.58141],[142.51707,43.58088],[142.51778,43.58034],[142.51853,43.58024],[142.51919,43.57989],[142.52001,43.57857],[142.52184,43.5766],[142.52394,43.57492],[142.52495,43.57429],[142.52624,43.5738],[142.52794,43.57202],[142.52945,43.57123],[142.53343,43.57012],[142.53505,43.56947],[142.53896,43.56663],[142.54182,43.56425],[142.5452,43.56229],[142.55108,43.5605],[142.55667,43.55917],[142.55811,43.55728],[142.55951,43.55618],[142.56244,43.55417],[142.56389,43.55351],[142.56313,43.55007],[142.5624,43.54979],[142.55988,43.55],[142.55487,43.55106],[142.55152,43.5516],[142.54901,43.55189],[142.54827,43.55174],[142.54591,43.5498],[142.5461,43.5489],[142.54582,43.54803],[142.54496,43.54766],[142.54406,43.548],[142.54279,43.54946],[142.54136,43.55051],[142.53977,43.55115],[142.5376,43.55158],[142.53529,43.55176],[142.53082,43.55119],[142.52402,43.55343],[142.52463,43.55482],[142.52441,43.55543],[142.5226,43.55682],[142.52022,43.55816],[142.51826,43.55943],[142.51506,43.56189],[142.51438,43.56265],[142.51341,43.5641],[142.51285,43.56458],[142.5122,43.56483],[142.51182,43.56512],[142.51141,43.56575],[142.51052,43.56776],[142.50988,43.56896],[142.50925,43.56973],[142.5078,43.57046],[142.50462,43.5716],[142.50277,43.57216],[142.50167,43.57265],[142.50059,43.57389],[142.50019,43.57413],[142.49917,43.57444],[142.49816,43.57459],[142.49563,43.5745],[142.49419,43.57488],[142.49196,43.5751],[142.4882,43.57592],[142.4851,43.57718],[142.48325,43.57804],[142.4805,43.57953],[142.48001,43.5799],[142.4778,43.58102],[142.4793,43.58226],[142.48112,43.5835],[142.47895,43.58516],[142.48391,43.58858],[142.4899,43.59229],[142.49273,43.59117],[142.49323,43.59076],[142.49409,43.59034]]]},"properties":{"id":"d0300","name":"藤野","kind":"aza","label":[142.52139,43.56992]}},{"type":"Feature","geometry":{"type":"Polygon","coordinates":[[[142.52962,43.60132],[142.53199,43.60093],[142.53286,43.6007],[142.5335,43.60041],[142.53418,43.59983],[142.53555,43.59803],[142.53694,43.5958],[142.53816,43.59478],[142.53876,43.59399],[142.53939,43.59261],[142.53956,43.59125],[142.53927,43.58924],[142.54906,43.58829],[142.54744,43.58642],[142.54615,43.58444],[142.54548,43.5829],[142.54416,43.58351],[142.5389,43.58442],[142.52472,43.58828],[142.52355,43.58841],[142.52157,43.58622],[142.52142,43.58579],[142.52142,43.58509],[142.52195,43.58432],[142.52489,43.58268],[142.53165,43.57953],[142.5364,43.57763],[142.53881,43.57653],[142.5442,43.57371],[142.54579,43.57304],[142.54666,43.57243],[142.54655,43.57058],[142.54694,43.56994],[142.54935,43.56918],[142.5524,43.5677],[142.55429,43.56672],[142.55512,43.56592],[142.55558,43.56474],[142.55604,43.56094],[142.55667,43.55917],[142.55108,43.5605],[142.5452,43.56229],[142.54182,43.56425],[142.53896,43.56663],[142.53505,43.56947],[142.53343,43.57012],[142.52945,43.57123],[142.52794,43.57202],[142.52624,43.5738],[142.52495,43.57429],[142.52394,43.57492],[142.52184,43.5766],[142.52001,43.57857],[142.51919,43.57989],[142.51853,43.58024],[142.51778,43.58034],[142.51707,43.58088],[142.51755,43.58141],[142.5187,43.58152],[142.51729,43.58309],[142.51642,43.58387],[142.5167,43.58442],[142.51627,43.58489],[142.51491,43.58598],[142.51255,43.58753],[142.51316,43.58832],[142.51085,43.58857],[142.50964,43.58917],[142.50818,43.58954],[142.5066,43.58956],[142.50527,43.58914],[142.50392,43.58916],[142.50321,43.58935],[142.50294,43.59007],[142.50252,43.59075],[142.50001,43.59083],[142.4987,43.59063],[142.49551,43.59054],[142.49507,43.5903],[142.49409,43.59034],[142.49323,43.59076],[142.49273,43.59117],[142.48939,43.59251],[142.48613,43.59465],[142.4854,43.59482],[142.48424,43.59481],[142.48602,43.59631],[142.48727,43.59709],[142.48984,43.59812],[142.4944,43.59889],[142.49673,43.59903],[142.50107,43.59948],[142.50298,43.59992],[142.5047,43.60059],[142.50657,43.60163],[142.50739,43.60189],[142.50922,43.60171],[142.5129,43.60171],[142.51412,43.60145],[142.51538,43.60132],[142.518,43.60155],[142.5198,43.60218],[142.52184,43.60228],[142.52386,43.60277],[142.52551,43.60305],[142.52657,43.60299],[142.52715,43.60281],[142.52889,43.60156],[142.52962,43.60132]]]},"properties":{"id":"d0310","name":"新区画","kind":"aza","label":[142.52275,43.58115]}},{"type":"Feature","geometry":{"type":"Polygon","coordinates":[[[142.55619,43.59423],[142.55592,43.59317],[142.55614,43.5926],[142.55669,43.59228],[142.5584,43.5919],[142.55869,43.59046],[142.55916,43.58982],[142.55985,43.58919],[142.56096,43.58847],[142.56178,43.58768],[142.5664,43.58545],[142.56779,43.5841],[142.56888,43.58262],[142.57003,43.58077],[142.57106,43.5803],[142.5722,43.58033],[142.57336,43.58022],[142.57441,43.57986],[142.57821,43.57815],[142.58006,43.57777],[142.58132,43.57801],[142.58297,43.57671],[142.58391,43.5762],[142.58521,43.57575],[142.58654,43.57551],[142.58839,43.57537],[142.5907,43.5756],[142.59306,43.57113],[142.59404,43.56958],[142.59502,43.56882],[142.59593,43.56848],[142.59839,43.56859],[142.59982,43.56819],[142.60135,43.56612],[142.60433,43.56365],[142.60611,43.56288],[142.61033,43.56153],[142.61261,43.56027],[142.6143,43.55884],[142.6157,43.55718],[142.61668,43.55532],[142.61829,43.553],[142.60821,43.54542],[142.60671,43.53741],[142.60697,43.53645],[142.61121,43.53383],[142.61783,43.53022],[142.61988,43.529],[142.62406,43.52826],[142.62492,43.52825],[142.62603,43.5284],[142.6267,43.52828],[142.62876,43.52828],[142.62941,43.52814],[142.63156,43.52728],[142.62837,43.52685],[142.62779,43.5269],[142.62618,43.52728],[142.62067,43.52755],[142.61871,43.52787],[142.61708,43.52823],[142.6109,43.53016],[142.60713,43.53153],[142.60606,43.527],[142.60254,43.52627],[142.59785,43.52556],[142.59789,43.52701],[142.59691,43.5319],[142.59682,43.5328],[142.59632,43.53324],[142.59437,43.53396],[142.59278,43.5347],[142.59095,43.5358],[142.58867,43.53742],[142.58672,43.53905],[142.58424,43.54155],[142.58291,43.54392],[142.58025,43.54784],[142.57739,43.54848],[142.56997,43.55065],[142.56653,43.552],[142.56389,43.55351],[142.56244,43.55417],[142.56105,43.55506],[142.55811,43.55728],[142.55667,43.55917],[142.55604,43.56094],[142.55558,43.56474],[142.55512,43.56592],[142.55429,43.56672],[142.54935,43.56918],[142.54694,43.56994],[142.54655,43.57058],[142.54666,43.57243],[142.54579,43.57304],[142.5442,43.57371],[142.53881,43.57653],[142.5364,43.57763],[142.53165,43.57953],[142.52489,43.58268],[142.52195,43.58432],[142.52142,43.58509],[142.52142,43.58579],[142.52157,43.58622],[142.52355,43.58841],[142.52472,43.58828],[142.5389,43.58442],[142.54416,43.58351],[142.54548,43.5829],[142.54615,43.58444],[142.54744,43.58642],[142.54906,43.58829],[142.5496,43.58853],[142.55011,43.58907],[142.55084,43.58966],[142.55231,43.5912],[142.55379,43.59395],[142.55459,43.59389],[142.55573,43.5943],[142.55619,43.59423]]]},"properties":{"id":"d0320","name":"置杵牛","kind":"aza","label":[142.58487,43.55972]}},{"type":"Feature","geometry":{"type":"Polygon","coordinates":[[[142.52532,43.61105],[142.52804,43.61058],[142.53027,43.61062],[142.53381,43.61021],[142.53466,43.61003],[142.5371,43.60873],[142.53756,43.60867],[142.53904,43.60714],[142.5397,43.6069],[142.54015,43.60625],[142.54292,43.60523],[142.54578,43.60361],[142.54717,43.60299],[142.54818,43.60228],[142.55176,43.60111],[142.55364,43.60031],[142.55443,43.59986],[142.55581,43.59943],[142.55639,43.59913],[142.55379,43.59395],[142.55231,43.5912],[142.55084,43.58966],[142.55011,43.58907],[142.5496,43.58853],[142.54906,43.58829],[142.53927,43.58924],[142.53956,43.59125],[142.53939,43.59261],[142.53876,43.59399],[142.53816,43.59478],[142.53694,43.5958],[142.53555,43.59803],[142.53418,43.59983],[142.5335,43.60041],[142.53286,43.6007],[142.53199,43.60093],[142.52962,43.60132],[142.52889,43.60156],[142.52715,43.60281],[142.52657,43.60299],[142.52551,43.60305],[142.52386,43.60277],[142.52184,43.60228],[142.5198,43.60218],[142.518,43.60155],[142.51538,43.60132],[142.51412,43.60145],[142.5129,43.60171],[142.50922,43.60171],[142.50739,43.60189],[142.50657,43.60163],[142.5047,43.60059],[142.50298,43.59992],[142.50107,43.59948],[142.49673,43.59903],[142.4944,43.59889],[142.48984,43.59812],[142.48865,43.59767],[142.48954,43.59999],[142.48981,43.60124],[142.48971,43.60227],[142.48933,43.60372],[142.4881,43.60638],[142.48761,43.60987],[142.4926,43.60891],[142.4961,43.60766],[142.49702,43.60751],[142.50024,43.60776],[142.50667,43.60711],[142.5101,43.607],[142.51223,43.60719],[142.51265,43.60754],[142.51311,43.60946],[142.51381,43.61028],[142.51491,43.61085],[142.51621,43.61086],[142.51857,43.6107],[142.52129,43.61002],[142.52251,43.61004],[142.52328,43.61028],[142.52444,43.61093],[142.52532,43.61105]]]},"properties":{"id":"d0330","name":"明治","kind":"aza","label":[142.54469,43.59966]}},{"type":"Feature","geometry":{"type":"Polygon","coordinates":[[[142.47134,43.62076],[142.4724,43.62045],[142.47393,43.62069],[142.47652,43.62162],[142.4782,43.62211],[142.47897,43.62223],[142.47963,43.6221],[142.48073,43.62144],[142.48266,43.62068],[142.48409,43.62062],[142.48459,43.62044],[142.48494,43.62043],[142.48856,43.62181],[142.49,43.62244],[142.4925,43.62375],[142.49306,43.624],[142.49368,43.62412],[142.49442,43.62412],[142.49715,43.6237],[142.49959,43.62274],[142.50026,43.62258],[142.50166,43.62261],[142.50397,43.62298],[142.50566,43.62294],[142.50342,43.62105],[142.50262,43.62066],[142.49906,43.61948],[142.49595,43.61879],[142.49639,43.61704],[142.49688,43.61595],[142.49756,43.61519],[142.4987,43.61463],[142.50079,43.614],[142.50315,43.61383],[142.50361,43.61311],[142.50373,43.61211],[142.50406,43.61126],[142.50467,43.61092],[142.50509,43.61089],[142.50762,43.61215],[142.50987,43.61303],[142.51182,43.6133],[142.51381,43.61338],[142.51456,43.61334],[142.51496,43.61322],[142.51823,43.61149],[142.51876,43.61133],[142.52444,43.61093],[142.52328,43.61028],[142.52251,43.61004],[142.52129,43.61002],[142.51857,43.6107],[142.51621,43.61086],[142.51491,43.61085],[142.51381,43.61028],[142.51311,43.60946],[142.51265,43.60754],[142.51223,43.60719],[142.5101,43.607],[142.50667,43.60711],[142.50024,43.60776],[142.49702,43.60751],[142.4961,43.60766],[142.4926,43.60891],[142.48761,43.60987],[142.48525,43.61041],[142.48463,43.61066],[142.48445,43.61142],[142.48387,43.61222],[142.48349,43.6125],[142.48267,43.61293],[142.48052,43.61337],[142.47757,43.61023],[142.47674,43.61035],[142.47845,43.61371],[142.47585,43.61455],[142.47424,43.61563],[142.47261,43.61707],[142.47121,43.61795],[142.46804,43.62077],[142.46737,43.62191],[142.4668,43.62492],[142.46732,43.62487],[142.46804,43.62437],[142.47025,43.62213],[142.47134,43.62076]]]},"properties":{"id":"d0340","name":"下宇莫別","kind":"aza","label":[142.48494,43.6165]}},{"type":"Feature","geometry":{"type":"Polygon","coordinates":[[[142.54998,43.61628],[142.55326,43.61363],[142.55419,43.61228],[142.55604,43.61098],[142.55718,43.61043],[142.56023,43.6103],[142.56286,43.60994],[142.56424,43.60943],[142.56502,43.60848],[142.57075,43.61129],[142.57576,43.60953],[142.57853,43.60938],[142.58296,43.60885],[142.5847,43.60836],[142.58642,43.60762],[142.58799,43.60713],[142.58935,43.6065],[142.59037,43.6065],[142.5919,43.60709],[142.6044,43.59292],[142.60486,43.59046],[142.60457,43.58891],[142.60366,43.587],[142.60119,43.58309],[142.60051,43.58123],[142.60018,43.57982],[142.6002,43.57797],[142.59951,43.57727],[142.59916,43.57671],[142.59903,43.57559],[142.59897,43.5741],[142.59932,43.57231],[142.60021,43.57004],[142.60264,43.56499],[142.60135,43.56612],[142.59982,43.56819],[142.59839,43.56859],[142.59593,43.56848],[142.59502,43.56882],[142.59404,43.56958],[142.59306,43.57113],[142.5907,43.5756],[142.58839,43.57537],[142.58654,43.57551],[142.58521,43.57575],[142.58391,43.5762],[142.58297,43.57671],[142.58132,43.57801],[142.58006,43.57777],[142.57821,43.57815],[142.57441,43.57986],[142.57336,43.58022],[142.5722,43.58033],[142.57106,43.5803],[142.57003,43.58077],[142.56888,43.58262],[142.56779,43.5841],[142.5664,43.58545],[142.56178,43.58768],[142.56096,43.58847],[142.55985,43.58919],[142.55916,43.58982],[142.55869,43.59046],[142.5584,43.5919],[142.55669,43.59228],[142.55614,43.5926],[142.55592,43.59317],[142.55619,43.59423],[142.55573,43.5943],[142.55459,43.59389],[142.55379,43.59395],[142.55639,43.59913],[142.55581,43.59943],[142.55443,43.59986],[142.55364,43.60031],[142.55176,43.60111],[142.54818,43.60228],[142.54717,43.60299],[142.54578,43.60361],[142.54292,43.60523],[142.54015,43.60625],[142.5397,43.6069],[142.53904,43.60714],[142.53756,43.60867],[142.5371,43.60873],[142.53466,43.61003],[142.53381,43.61021],[142.53027,43.61062],[142.52804,43.61058],[142.52663,43.61088],[142.52532,43.61105],[142.52444,43.61093],[142.52374,43.61308],[142.5238,43.61341],[142.52337,43.61369],[142.52282,43.61377],[142.52306,43.61398],[142.52416,43.61438],[142.52447,43.61438],[142.52502,43.61394],[142.52581,43.61369],[142.52599,43.61377],[142.52627,43.61416],[142.52645,43.61416],[142.52688,43.61329],[142.52813,43.61322],[142.53124,43.61263],[142.5332,43.61257],[142.53616,43.61452],[142.53722,43.61499],[142.53844,43.61507],[142.54126,43.61483],[142.54454,43.61437],[142.5492,43.61397],[142.54858,43.61438],[142.54827,43.61476],[142.54675,43.61608],[142.54879,43.61746],[142.54998,43.61628]]]},"properties":{"id":"d0350","name":"中宇莫別","kind":"aza","label":[142.58164,43.59118]}},{"type":"Feature","geometry":{"type":"Polygon","coordinates":[[[142.64166,43.57691],[142.6416,43.5762],[142.64172,43.57538],[142.64111,43.57342],[142.64148,43.57064],[142.64113,43.56977],[142.63816,43.56658],[142.63773,43.56562],[142.63796,43.56473],[142.63841,43.56397],[142.63942,43.56309],[142.64126,43.56181],[142.64217,43.56241],[142.6428,43.56258],[142.64457,43.56224],[142.64491,43.56194],[142.64445,43.5613],[142.64547,43.56149],[142.64602,43.56182],[142.6464,43.5615],[142.6465,43.56094],[142.64762,43.56101],[142.64823,43.56072],[142.64915,43.56004],[142.65138,43.55902],[142.65167,43.55872],[142.64998,43.55736],[142.6512,43.55621],[142.65853,43.55345],[142.65712,43.5524],[142.65569,43.55202],[142.65394,43.5523],[142.65129,43.55327],[142.64992,43.5535],[142.64836,43.55333],[142.64618,43.55294],[142.64479,43.55307],[142.64289,43.55375],[142.64226,43.55431],[142.64059,43.55475],[142.63621,43.55713],[142.6353,43.55802],[142.63471,43.5581],[142.63286,43.55703],[142.63208,43.55864],[142.63131,43.55678],[142.63049,43.55398],[142.63053,43.55339],[142.63143,43.55131],[142.63257,43.55193],[142.63451,43.55028],[142.63487,43.55031],[142.63507,43.55075],[142.63495,43.55117],[142.63371,43.5522],[142.63412,43.55272],[142.63448,43.55279],[142.63693,43.55024],[142.63724,43.55032],[142.6374,43.55052],[142.63651,43.55144],[142.63658,43.55179],[142.63688,43.552],[142.63773,43.55189],[142.6384,43.55154],[142.63911,43.55145],[142.63904,43.55072],[142.63841,43.54981],[142.63791,43.54887],[142.63763,43.54757],[142.63294,43.54775],[142.62805,43.54779],[142.62617,43.54769],[142.62279,43.5467],[142.62463,43.55103],[142.62483,43.55117],[142.62507,43.55113],[142.62633,43.54937],[142.62677,43.54904],[142.62699,43.54915],[142.62703,43.54988],[142.62723,43.55019],[142.62764,43.55029],[142.62821,43.55023],[142.62959,43.54973],[142.62994,43.5501],[142.629,43.55093],[142.6285,43.55177],[142.62881,43.55376],[142.62938,43.55484],[142.62856,43.55499],[142.6282,43.55633],[142.62841,43.55676],[142.62882,43.55693],[142.62965,43.55667],[142.63027,43.5574],[142.62977,43.55768],[142.63078,43.55829],[142.62823,43.55879],[142.6279,43.55952],[142.62724,43.55974],[142.61829,43.553],[142.61668,43.55532],[142.6157,43.55718],[142.6143,43.55884],[142.61261,43.56027],[142.61033,43.56153],[142.60611,43.56288],[142.60433,43.56365],[142.60264,43.56499],[142.60021,43.57004],[142.59932,43.57231],[142.59897,43.5741],[142.59916,43.57671],[142.59951,43.57727],[142.6002,43.57797],[142.60018,43.57982],[142.60051,43.58123],[142.60119,43.58309],[142.60366,43.587],[142.60457,43.58891],[142.60486,43.59046],[142.6044,43.59292],[142.60559,43.59199],[142.60881,43.59145],[142.61164,43.59072],[142.61516,43.58955],[142.6199,43.58834],[142.62494,43.58668],[142.62678,43.58657],[142.62777,43.58622],[142.63001,43.58464],[142.63365,43.58237],[142.63741,43.57971],[142.64166,43.57691]]]},"properties":{"id":"d0360","name":"上宇莫別","kind":"aza","label":[142.62073,43.56991]}},{"type":"Feature","geometry":{"type":"Polygon","coordinates":[[[142.57061,43.63224],[142.5729,43.6295],[142.57656,43.62654],[142.57817,43.62416],[142.57983,43.62304],[142.58105,43.62236],[142.58269,43.62089],[142.5834,43.61966],[142.58455,43.61712],[142.58909,43.61446],[142.58981,43.60929],[142.59142,43.60798],[142.5919,43.60709],[142.59037,43.6065],[142.58935,43.6065],[142.58799,43.60713],[142.58642,43.60762],[142.5847,43.60836],[142.58296,43.60885],[142.57853,43.60938],[142.57576,43.60953],[142.57075,43.61129],[142.56502,43.60848],[142.56424,43.60943],[142.56286,43.60994],[142.56023,43.6103],[142.55718,43.61043],[142.55604,43.61098],[142.55419,43.61228],[142.55326,43.61363],[142.54998,43.61628],[142.54879,43.61746],[142.54675,43.61608],[142.54606,43.61697],[142.54509,43.61941],[142.54332,43.61948],[142.54247,43.61992],[142.54208,43.62055],[142.54195,43.62124],[142.54208,43.62231],[142.54148,43.62252],[142.53926,43.62298],[142.53726,43.6231],[142.53632,43.62337],[142.53544,43.62338],[142.53449,43.62365],[142.53384,43.62401],[142.5331,43.62414],[142.53181,43.62398],[142.53002,43.62444],[142.52935,43.62484],[142.53081,43.6248],[142.53155,43.62488],[142.53278,43.62518],[142.53387,43.62578],[142.53425,43.62637],[142.53454,43.62657],[142.53565,43.62686],[142.5365,43.6273],[142.53723,43.6279],[142.53826,43.62902],[142.53894,43.62939],[142.53928,43.62943],[142.54224,43.62917],[142.5444,43.62926],[142.5464,43.62969],[142.54796,43.62949],[142.54877,43.62984],[142.55013,43.62972],[142.55072,43.62977],[142.55491,43.63074],[142.55579,43.63063],[142.55732,43.63077],[142.55846,43.63068],[142.56361,43.63092],[142.56526,43.63158],[142.56831,43.6321],[142.5695,43.63224],[142.57061,43.63224]]]},"properties":{"id":"d0370","name":"横牛","kind":"aza","label":[142.56472,43.61844]}},{"type":"Feature","geometry":{"type":"Polygon","coordinates":[[[142.57607,43.63496],[142.60367,43.6247],[142.61231,43.62487],[142.61964,43.61873],[142.62467,43.62143],[142.62954,43.6177],[142.61682,43.60973],[142.61638,43.60812],[142.61127,43.6042],[142.61304,43.60354],[142.61709,43.60151],[142.61629,43.60092],[142.61398,43.60081],[142.61341,43.60048],[142.61313,43.60005],[142.61304,43.59936],[142.6044,43.59292],[142.5919,43.60709],[142.59142,43.60798],[142.58981,43.60929],[142.58909,43.61446],[142.58455,43.61712],[142.5834,43.61966],[142.58269,43.62089],[142.58105,43.62236],[142.57983,43.62304],[142.57817,43.62416],[142.57656,43.62654],[142.5729,43.6295],[142.57061,43.63224],[142.5728,43.63223],[142.57554,43.63161],[142.57603,43.63167],[142.57612,43.63193],[142.57561,43.63383],[142.57573,43.63462],[142.57607,43.63496]]]},"properties":{"id":"d0380","name":"朗根内","kind":"aza","label":[142.605,43.6121]}},{"type":"Feature","geometry":{"type":"Polygon","coordinates":[[[142.68508,43.60782],[142.69459,43.6069],[142.69501,43.60648],[142.70045,43.60549],[142.70267,43.60546],[142.70245,43.60458],[142.70267,43.60409],[142.70545,43.6022],[142.70597,43.60138],[142.7068,43.60038],[142.70833,43.59992],[142.70747,43.5981],[142.70799,43.5975],[142.70914,43.59691],[142.71113,43.59632],[142.71154,43.59597],[142.71017,43.59514],[142.71026,43.59462],[142.71306,43.59166],[142.71369,43.59036],[142.71445,43.58992],[142.71908,43.58862],[142.72166,43.58831],[142.72245,43.58793],[142.72362,43.58604],[142.72248,43.58475],[142.72428,43.58317],[142.71328,43.57599],[142.71245,43.57636],[142.71191,43.57714],[142.71211,43.57788],[142.71194,43.57856],[142.71083,43.57885],[142.71058,43.57926],[142.71068,43.57965],[142.71145,43.57988],[142.71147,43.58042],[142.71086,43.58107],[142.71073,43.5818],[142.7112,43.58439],[142.71073,43.58541],[142.70979,43.5858],[142.70747,43.58598],[142.70658,43.58634],[142.70578,43.58693],[142.70489,43.58792],[142.70403,43.58821],[142.7027,43.58826],[142.70122,43.58814],[142.70034,43.58867],[142.69937,43.58964],[142.69885,43.59024],[142.69877,43.5909],[142.69724,43.59067],[142.69658,43.59085],[142.69587,43.59122],[142.69536,43.59178],[142.6951,43.59257],[142.69472,43.59282],[142.69359,43.59304],[142.69322,43.59334],[142.6923,43.59446],[142.69115,43.59523],[142.69032,43.59609],[142.68761,43.5984],[142.6871,43.5992],[142.68711,43.60024],[142.68622,43.60088],[142.68533,43.60185],[142.68443,43.60341],[142.68339,43.60357],[142.68193,43.60352],[142.68088,43.60307],[142.67834,43.60162],[142.67695,43.60102],[142.67565,43.60084],[142.67443,43.60054],[142.67336,43.5997],[142.67245,43.59924],[142.6716,43.59856],[142.67103,43.59845],[142.6697,43.59872],[142.66849,43.59865],[142.66728,43.59819],[142.66569,43.5973],[142.6628,43.5944],[142.66111,43.59364],[142.65664,43.59236],[142.65581,43.59193],[142.65516,43.59107],[142.65546,43.59047],[142.65445,43.58956],[142.65441,43.58901],[142.65504,43.58749],[142.65474,43.58669],[142.65422,43.58616],[142.64915,43.58496],[142.64745,43.58422],[142.646,43.58336],[142.6448,43.58205],[142.64444,43.5807],[142.64397,43.58002],[142.64225,43.57812],[142.64166,43.57691],[142.63741,43.57971],[142.63365,43.58237],[142.63001,43.58464],[142.62777,43.58622],[142.62678,43.58657],[142.62494,43.58668],[142.6199,43.58834],[142.61516,43.58955],[142.61164,43.59072],[142.60881,43.59145],[142.60559,43.59199],[142.6044,43.59292],[142.61304,43.59936],[142.61313,43.60005],[142.61341,43.60048],[142.61398,43.60081],[142.61629,43.60092],[142.61709,43.60151],[142.62104,43.59935],[142.62255,43.59906],[142.62379,43.59802],[142.62462,43.59748],[142.62526,43.59745],[142.62828,43.59824],[142.62986,43.59803],[142.63096,43.59854],[142.6315,43.59812],[142.63589,43.59837],[142.63972,43.59787],[142.64069,43.598],[142.64187,43.59887],[142.64245,43.59908],[142.64347,43.59889],[142.64462,43.5985],[142.64742,43.59841],[142.64969,43.59926],[142.65129,43.59942],[142.65216,43.59899],[142.65308,43.59916],[142.65541,43.6],[142.65623,43.59944],[142.6566,43.5995],[142.65723,43.59993],[142.65826,43.60008],[142.65995,43.59944],[142.66069,43.59969],[142.66122,43.60013],[142.66265,43.60223],[142.66362,43.60305],[142.66682,43.60407],[142.6682,43.60402],[142.66889,43.6041],[142.66925,43.60427],[142.67175,43.60711],[142.67743,43.60904],[142.67947,43.60931],[142.68087,43.60915],[142.68233,43.60844],[142.68352,43.60758],[142.6841,43.60738],[142.68451,43.60745],[142.68508,43.60782]]]},"properties":{"id":"d0390","name":"俵真布","kind":"aza","label":[142.63124,43.5927]}},{"type":"Feature","geometry":{"type":"Polygon","coordinates":[[[142.62979,43.62575],[142.63207,43.62507],[142.63278,43.62507],[142.63876,43.62632],[142.64018,43.62643],[142.64643,43.62661],[142.65239,43.62621],[142.6535,43.62633],[142.65437,43.6267],[142.65538,43.62741],[142.65596,43.62753],[142.66106,43.62779],[142.66417,43.62847],[142.66467,43.62843],[142.66651,43.6278],[142.66917,43.62721],[142.67397,43.6268],[142.6756,43.62702],[142.67818,43.62763],[142.68353,43.62863],[142.68926,43.62996],[142.69087,43.63001],[142.69126,43.62993],[142.69213,43.6253],[142.69209,43.6241],[142.69294,43.62264],[142.69197,43.62047],[142.69103,43.61903],[142.68833,43.6158],[142.68941,43.61409],[142.68964,43.61312],[142.68952,43.61218],[142.68862,43.61136],[142.6869,43.61064],[142.68618,43.61002],[142.68556,43.60935],[142.68508,43.60782],[142.68451,43.60745],[142.6841,43.60738],[142.68352,43.60758],[142.68233,43.60844],[142.68087,43.60915],[142.67947,43.60931],[142.67743,43.60904],[142.67175,43.60711],[142.66925,43.60427],[142.66889,43.6041],[142.6682,43.60402],[142.66682,43.60407],[142.66362,43.60305],[142.66265,43.60223],[142.66122,43.60013],[142.66069,43.59969],[142.65995,43.59944],[142.65826,43.60008],[142.65723,43.59993],[142.6566,43.5995],[142.65623,43.59944],[142.65541,43.6],[142.65308,43.59916],[142.65216,43.59899],[142.65129,43.59942],[142.64969,43.59926],[142.64742,43.59841],[142.64462,43.5985],[142.64347,43.59889],[142.64245,43.59908],[142.64187,43.59887],[142.64069,43.598],[142.63972,43.59787],[142.63589,43.59837],[142.6315,43.59812],[142.63096,43.59854],[142.62986,43.59803],[142.62828,43.59824],[142.62526,43.59745],[142.62462,43.59748],[142.62379,43.59802],[142.62255,43.59906],[142.62104,43.59935],[142.61709,43.60151],[142.61304,43.60354],[142.61127,43.6042],[142.61638,43.60812],[142.61682,43.60973],[142.62954,43.6177],[142.62467,43.62143],[142.61964,43.61873],[142.61231,43.62487],[142.62544,43.62522],[142.62694,43.62532],[142.62836,43.62561],[142.62979,43.62575]]]},"properties":{"id":"d0400","name":"忠別","kind":"aza","label":[142.65626,43.61361]}},{"type":"Feature","geometry":{"type":"Polygon","coordinates":[[[142.48348,43.59489],[142.4854,43.59482],[142.48613,43.59465],[142.48845,43.59309],[142.4899,43.59229],[142.48391,43.58858],[142.47895,43.58516],[142.47639,43.58713],[142.48144,43.59058],[142.47324,43.59688],[142.475,43.59807],[142.4737,43.59902],[142.47196,43.59786],[142.47177,43.598],[142.47154,43.59865],[142.47061,43.59896],[142.47006,43.59902],[142.46969,43.59885],[142.46917,43.59877],[142.47244,43.60067],[142.4764,43.59956],[142.47835,43.59886],[142.47937,43.59793],[142.48024,43.59742],[142.48243,43.59549],[142.48348,43.59489]]]},"properties":{"id":"d0410","name":"原野","kind":"aza","label":[142.48394,43.59269]}},{"type":"Feature","geometry":{"type":"Polygon","coordinates":[[[142.68761,43.5984],[142.69032,43.59609],[142.69115,43.59523],[142.6923,43.59446],[142.69322,43.59334],[142.69359,43.59304],[142.69472,43.59282],[142.6951,43.59257],[142.69536,43.59178],[142.69587,43.59122],[142.69658,43.59085],[142.69724,43.59067],[142.69877,43.5909],[142.69885,43.59024],[142.69937,43.58964],[142.70034,43.58867],[142.70122,43.58814],[142.7027,43.58826],[142.70403,43.58821],[142.70489,43.58792],[142.70578,43.58693],[142.70658,43.58634],[142.70747,43.58598],[142.70979,43.5858],[142.71073,43.58541],[142.7112,43.58439],[142.71073,43.5818],[142.71086,43.58107],[142.71147,43.58042],[142.71145,43.57988],[142.71068,43.57965],[142.71058,43.57926],[142.71083,43.57885],[142.71194,43.57856],[142.71211,43.57788],[142.71191,43.57714],[142.71245,43.57636],[142.71328,43.57599],[142.71375,43.57443],[142.71418,43.57389],[142.71542,43.57321],[142.71605,43.57218],[142.71664,43.57168],[142.71786,43.57091],[142.71907,43.57066],[142.71947,43.57048],[142.71959,43.57022],[142.72065,43.57014],[142.7214,43.56954],[142.72193,43.56929],[142.72314,43.5693],[142.72383,43.56907],[142.72505,43.56892],[142.7251,43.5686],[142.72532,43.5683],[142.72569,43.56806],[142.72675,43.56806],[142.72762,43.56775],[142.72815,43.5671],[142.73039,43.56609],[142.73081,43.56571],[142.73087,43.56549],[142.73119,43.56524],[142.73206,43.56492],[142.73296,43.56426],[142.73381,43.56329],[142.73395,43.56255],[142.73499,43.56177],[142.73555,43.56105],[142.73526,43.55988],[142.73537,43.55852],[142.73542,43.55829],[142.73602,43.55767],[142.73599,43.55748],[142.73553,43.55682],[142.73554,43.55664],[142.73595,43.55634],[142.73688,43.5559],[142.73821,43.5559],[142.73848,43.55572],[142.73921,43.55486],[142.73968,43.55463],[142.74002,43.55426],[142.74029,43.55376],[142.74073,43.55333],[142.74047,43.55285],[142.74072,43.5525],[142.74133,43.55212],[142.74195,43.55192],[142.74292,43.5514],[142.74444,43.55093],[142.74529,43.55019],[142.74616,43.54978],[142.74662,43.54946],[142.74761,43.5494],[142.74823,43.54962],[142.74882,43.55022],[142.74888,43.5505],[142.7486,43.55114],[142.74836,43.55133],[142.74828,43.55155],[142.74888,43.55212],[142.74908,43.55249],[142.74936,43.5541],[142.75079,43.555],[142.75205,43.55545],[142.75362,43.55568],[142.75396,43.55551],[142.75403,43.55497],[142.75464,43.55422],[142.75498,43.55351],[142.75527,43.5533],[142.75607,43.55331],[142.75633,43.55321],[142.75684,43.55266],[142.75788,43.55244],[142.75862,43.55157],[142.75947,43.55123],[142.76051,43.55117],[142.76188,43.55072],[142.76283,43.55059],[142.76405,43.55025],[142.76625,43.55059],[142.76663,43.55049],[142.76761,43.54992],[142.76892,43.54952],[142.76914,43.54907],[142.76962,43.5488],[142.77005,43.54883],[142.77028,43.54868],[142.76982,43.54825],[142.76986,43.54803],[142.77038,43.54789],[142.77092,43.5474],[142.77114,43.54738],[142.77151,43.54756],[142.77214,43.54821],[142.77245,43.54837],[142.77307,43.54839],[142.7737,43.54883],[142.77401,43.54894],[142.77471,43.54882],[142.77528,43.54896],[142.7764,43.5487],[142.77787,43.54865],[142.77824,43.54856],[142.77887,43.54814],[142.78005,43.54764],[142.78029,43.5474],[142.78081,43.54713],[142.78158,43.54691],[142.78207,43.54665],[142.78294,43.54585],[142.78338,43.54517],[142.78363,43.54429],[142.78352,43.5439],[142.78309,43.54358],[142.78228,43.54349],[142.7819,43.54289],[142.78151,43.5427],[142.78149,43.54253],[142.7817,43.54232],[142.78174,43.54206],[142.78148,43.54057],[142.78107,43.53967],[142.78038,43.53907],[142.78041,43.53838],[142.78026,43.53799],[142.78029,43.53688],[142.78013,43.53657],[142.77907,43.53568],[142.77856,43.53505],[142.7784,43.53444],[142.77815,43.53407],[142.7781,43.53367],[142.77823,43.53265],[142.77818,43.53152],[142.77827,43.5307],[142.77867,43.52975],[142.77915,43.52935],[142.77971,43.52858],[142.78019,43.52824],[142.78047,43.52782],[142.78051,43.52738],[142.78074,43.52697],[142.78101,43.52678],[142.78178,43.52642],[142.78203,43.52617],[142.78409,43.52537],[142.7849,43.52492],[142.78727,43.52431],[142.78849,43.5243],[142.79171,43.52447],[142.79582,43.52524],[142.80141,43.52758],[142.80259,43.52785],[142.80442,43.52791],[142.80701,43.5278],[142.80702,43.52757],[142.80736,43.52723],[142.8079,43.52693],[142.80826,43.52625],[142.80872,43.52607],[142.81097,43.5256],[142.81155,43.52527],[142.81219,43.52452],[142.81322,43.52368],[142.81376,43.52305],[142.81402,43.52244],[142.81409,43.51925],[142.8149,43.51778],[142.81498,43.51735],[142.81416,43.51573],[142.81375,43.51537],[142.81322,43.51408],[142.81282,43.51379],[142.81231,43.51384],[142.81097,43.51304],[142.81016,43.51308],[142.80959,43.51262],[142.8095,43.51235],[142.80928,43.51218],[142.80905,43.51209],[142.80849,43.51215],[142.80831,43.51202],[142.80827,43.51178],[142.80793,43.51145],[142.80664,43.51095],[142.80586,43.5109],[142.8055,43.51099],[142.80504,43.51067],[142.80471,43.50968],[142.80463,43.50913],[142.80347,43.50712],[142.80232,43.50648],[142.80158,43.50583],[142.80024,43.50431],[142.79987,43.50414],[142.79938,43.50423],[142.79904,43.50412],[142.79899,43.50322],[142.79878,43.50251],[142.79857,43.50211],[142.79817,43.50172],[142.79802,43.5011],[142.79773,43.5009],[142.79616,43.50035],[142.79377,43.50051],[142.79264,43.50082],[142.7914,43.50065],[142.79026,43.50015],[142.78986,43.49982],[142.78985,43.49867],[142.78947,43.49817],[142.78861,43.49743],[142.78784,43.49642],[142.78736,43.49605],[142.78714,43.49598],[142.78501,43.4962],[142.7836,43.49581],[142.7824,43.49594],[142.78188,43.49586],[142.78071,43.49547],[142.77961,43.49534],[142.77794,43.49414],[142.77678,43.49378],[142.77664,43.49352],[142.77668,43.49321],[142.77712,43.4924],[142.77725,43.49194],[142.77694,43.49103],[142.77694,43.49068],[142.77714,43.49009],[142.77679,43.48719],[142.7766,43.48707],[142.77607,43.48703],[142.77554,43.48686],[142.77489,43.48623],[142.77096,43.48461],[142.76791,43.4829],[142.76385,43.48023],[142.76084,43.47839],[142.75823,43.47629],[142.75569,43.47471],[142.75405,43.47415],[142.75399,43.47394],[142.75453,43.47328],[142.75441,43.47296],[142.753,43.47129],[142.75198,43.47069],[142.75075,43.47041],[142.74921,43.46981],[142.74807,43.46961],[142.74656,43.46898],[142.74617,43.46865],[142.74571,43.46843],[142.74353,43.46841],[142.74263,43.46817],[142.74225,43.46818],[142.74127,43.46786],[142.73988,43.46694],[142.73885,43.46574],[142.7368,43.46407],[142.73504,43.4634],[142.73477,43.4631],[142.73337,43.46215],[142.73188,43.46147],[142.73101,43.46087],[142.73032,43.46022],[142.73019,43.45986],[142.73018,43.45933],[142.72992,43.45851],[142.72936,43.45798],[142.728,43.45703],[142.7277,43.45671],[142.72747,43.45628],[142.72721,43.45467],[142.72691,43.45425],[142.72459,43.45209],[142.72406,43.45188],[142.71517,43.45165],[142.71454,43.45171],[142.71411,43.45127],[142.71402,43.45013],[142.71258,43.44706],[142.71259,43.44628],[142.71167,43.4441],[142.71159,43.44256],[142.71033,43.44012],[142.71031,43.43985],[142.71086,43.43962],[142.71137,43.43888],[142.71191,43.43872],[142.71264,43.43823],[142.71277,43.43795],[142.71265,43.43682],[142.71199,43.43498],[142.71148,43.43417],[142.71104,43.43323],[142.71066,43.43276],[142.70836,43.43179],[142.70691,43.43182],[142.70666,43.43153],[142.70522,43.43088],[142.70471,43.43037],[142.70404,43.43015],[142.70361,43.42961],[142.70343,43.429],[142.70224,43.42693],[142.70137,43.42563],[142.70105,43.42544],[142.69848,43.425],[142.69675,43.42444],[142.69539,43.42284],[142.69429,43.42217],[142.69227,43.42166],[142.69201,43.42142],[142.69195,43.42074],[142.69179,43.4205],[142.69089,43.41979],[142.68955,43.41847],[142.68892,43.41768],[142.68796,43.41738],[142.68743,43.41738],[142.68657,43.41765],[142.68619,43.41789],[142.68496,43.4191],[142.68419,43.41953],[142.68074,43.42029],[142.67876,43.4202],[142.678,43.4204],[142.67528,43.42218],[142.67673,43.42637],[142.67657,43.42661],[142.67209,43.42873],[142.67046,43.43026],[142.66853,43.4313],[142.66688,43.43264],[142.66533,43.43326],[142.66135,43.43329],[142.65947,43.43343],[142.65771,43.4337],[142.65587,43.43407],[142.65438,43.43464],[142.65348,43.43512],[142.65185,43.43669],[142.65117,43.43766],[142.65024,43.43961],[142.64959,43.4422],[142.64927,43.44299],[142.64752,43.44528],[142.64729,43.44589],[142.64729,43.44647],[142.64757,43.44847],[142.64707,43.44997],[142.64625,43.44992],[142.64588,43.45011],[142.64163,43.4548],[142.64049,43.45559],[142.63996,43.45632],[142.63873,43.45696],[142.6374,43.45843],[142.63482,43.45903],[142.63406,43.45962],[142.63286,43.46014],[142.62837,43.46296],[142.6255,43.46387],[142.62429,43.46368],[142.62117,43.46689],[142.61814,43.46556],[142.61616,43.46583],[142.61457,43.46655],[142.61226,43.46667],[142.61128,43.46754],[142.60894,43.46876],[142.60866,43.46906],[142.60868,43.46946],[142.60682,43.47059],[142.60327,43.47428],[142.60227,43.47519],[142.60155,43.47611],[142.59993,43.47905],[142.59937,43.4798],[142.59779,43.48126],[142.59723,43.48203],[142.59638,43.48288],[142.59417,43.48393],[142.59406,43.48409],[142.59414,43.48489],[142.59397,43.48532],[142.59198,43.48835],[142.59182,43.48881],[142.59231,43.49016],[142.59232,43.49058],[142.59044,43.49379],[142.59035,43.4942],[142.59053,43.49446],[142.59503,43.49556],[142.59676,43.4973],[142.59709,43.49772],[142.5971,43.4979],[142.59386,43.50011],[142.59235,43.50202],[142.59154,43.50247],[142.59089,43.50319],[142.58684,43.50543],[142.58616,43.506],[142.5841,43.50714],[142.57936,43.51046],[142.57775,43.51147],[142.57639,43.51191],[142.57535,43.51257],[142.5737,43.51305],[142.57214,43.51373],[142.57121,43.51391],[142.57045,43.51381],[142.56904,43.5129],[142.57171,43.5155],[142.57276,43.51568],[142.57355,43.5157],[142.57424,43.51544],[142.57666,43.51348],[142.57864,43.51217],[142.58071,43.51118],[142.58311,43.51025],[142.5864,43.50871],[142.589,43.50679],[142.59055,43.506],[142.59238,43.50465],[142.59393,43.50313],[142.59683,43.50064],[142.59802,43.49974],[142.59838,43.49868],[142.59831,43.49754],[142.59905,43.49636],[142.60082,43.49721],[142.60557,43.50001],[142.6068,43.50006],[142.61311,43.49936],[142.61366,43.49918],[142.61283,43.50083],[142.61288,43.50238],[142.61245,43.50289],[142.60647,43.50522],[142.60238,43.50773],[142.60059,43.50921],[142.59693,43.51307],[142.59447,43.51437],[142.58768,43.51682],[142.59124,43.51935],[142.59446,43.52088],[142.59622,43.52255],[142.59785,43.52556],[142.60254,43.52627],[142.60606,43.527],[142.60713,43.53153],[142.6109,43.53016],[142.61708,43.52823],[142.61871,43.52787],[142.62067,43.52755],[142.62618,43.52728],[142.62779,43.5269],[142.62837,43.52685],[142.63156,43.52728],[142.62941,43.52814],[142.62876,43.52828],[142.6267,43.52828],[142.62603,43.5284],[142.62492,43.52825],[142.62406,43.52826],[142.61988,43.529],[142.61783,43.53022],[142.61121,43.53383],[142.60697,43.53645],[142.60671,43.53741],[142.60821,43.54542],[142.62724,43.55974],[142.6279,43.55952],[142.62823,43.55879],[142.63078,43.55829],[142.62977,43.55768],[142.63027,43.5574],[142.62965,43.55667],[142.62882,43.55693],[142.62841,43.55676],[142.6282,43.55633],[142.62856,43.55499],[142.62938,43.55484],[142.62881,43.55376],[142.6285,43.55177],[142.629,43.55093],[142.62994,43.5501],[142.62959,43.54973],[142.62821,43.55023],[142.62764,43.55029],[142.62723,43.55019],[142.62703,43.54988],[142.62699,43.54915],[142.62677,43.54904],[142.62633,43.54937],[142.62507,43.55113],[142.62483,43.55117],[142.62463,43.55103],[142.62279,43.5467],[142.62617,43.54769],[142.62805,43.54779],[142.63294,43.54775],[142.63763,43.54757],[142.63791,43.54887],[142.63841,43.54981],[142.63904,43.55072],[142.63911,43.55145],[142.6384,43.55154],[142.63773,43.55189],[142.63688,43.552],[142.63658,43.55179],[142.63651,43.55144],[142.6374,43.55052],[142.63724,43.55032],[142.63693,43.55024],[142.63448,43.55279],[142.63412,43.55272],[142.63371,43.5522],[142.63495,43.55117],[142.63507,43.55075],[142.63487,43.55031],[142.63451,43.55028],[142.63257,43.55193],[142.63143,43.55131],[142.63053,43.55339],[142.63049,43.55398],[142.63131,43.55678],[142.63208,43.55864],[142.63286,43.55703],[142.63471,43.5581],[142.6353,43.55802],[142.63621,43.55713],[142.64059,43.55475],[142.64226,43.55431],[142.64289,43.55375],[142.64479,43.55307],[142.64618,43.55294],[142.64836,43.55333],[142.64992,43.5535],[142.65129,43.55327],[142.65394,43.5523],[142.65569,43.55202],[142.65712,43.5524],[142.65853,43.55345],[142.6512,43.55621],[142.64998,43.55736],[142.65167,43.55872],[142.65138,43.55902],[142.64915,43.56004],[142.64823,43.56072],[142.64762,43.56101],[142.6465,43.56094],[142.6464,43.5615],[142.64602,43.56182],[142.64547,43.56149],[142.64445,43.5613],[142.64491,43.56194],[142.64457,43.56224],[142.6428,43.56258],[142.64217,43.56241],[142.64126,43.56181],[142.63942,43.56309],[142.63841,43.56397],[142.63796,43.56473],[142.63773,43.56562],[142.63816,43.56658],[142.64113,43.56977],[142.64148,43.57064],[142.64111,43.57342],[142.64172,43.57538],[142.6416,43.5762],[142.64166,43.57691],[142.64225,43.57812],[142.64397,43.58002],[142.64444,43.5807],[142.6448,43.58205],[142.646,43.58336],[142.64745,43.58422],[142.64915,43.58496],[142.65422,43.58616],[142.65474,43.58669],[142.65504,43.58749],[142.65441,43.58901],[142.65445,43.58956],[142.65546,43.59047],[142.65516,43.59107],[142.65581,43.59193],[142.65664,43.59236],[142.66111,43.59364],[142.6628,43.5944],[142.66569,43.5973],[142.66728,43.59819],[142.66849,43.59865],[142.6697,43.59872],[142.67103,43.59845],[142.6716,43.59856],[142.67245,43.59924],[142.67336,43.5997],[142.67443,43.60054],[142.67565,43.60084],[142.67695,43.60102],[142.67834,43.60162],[142.68088,43.60307],[142.68193,43.60352],[142.68339,43.60357],[142.68443,43.60341],[142.68533,43.60185],[142.68622,43.60088],[142.68711,43.60024],[142.6871,43.5992],[142.68761,43.5984]]]},"properties":{"id":"d0420","name":"白金","kind":"aza","label":[142.70216,43.51057]}},{"type":"Feature","geometry":{"type":"Polygon","coordinates":[[[142.90745,43.66485],[142.90831,43.66342],[142.90838,43.66314],[142.90659,43.66212],[142.90618,43.66171],[142.90612,43.66146],[142.9063,43.66092],[142.90656,43.66064],[142.90803,43.65982],[142.90839,43.65952],[142.90895,43.65877],[142.90954,43.65726],[142.91007,43.6565],[142.9117,43.65468],[142.91203,43.65396],[142.91197,43.65302],[142.91113,43.651],[142.91011,43.65039],[142.90978,43.6498],[142.90972,43.64843],[142.90855,43.64695],[142.90837,43.64658],[142.9085,43.64537],[142.90831,43.64503],[142.90761,43.64428],[142.90745,43.64379],[142.90761,43.64328],[142.90752,43.64154],[142.90788,43.64012],[142.90777,43.63984],[142.90725,43.6395],[142.90663,43.63818],[142.90617,43.63636],[142.90473,43.63517],[142.90405,43.63477],[142.90393,43.63429],[142.90321,43.63356],[142.90316,43.63292],[142.90341,43.63168],[142.90278,43.63077],[142.90273,43.63014],[142.90227,43.62912],[142.90174,43.62736],[142.90157,43.62655],[142.90163,43.62568],[142.90114,43.62474],[142.90021,43.624],[142.89913,43.62336],[142.89821,43.61707],[142.89697,43.60611],[142.89643,43.6058],[142.89624,43.60553],[142.89744,43.6012],[142.89803,43.59951],[142.89806,43.59883],[142.8973,43.5974],[142.89678,43.59693],[142.89621,43.59656],[142.89526,43.59491],[142.89496,43.59462],[142.89382,43.5941],[142.89363,43.59383],[142.89452,43.59176],[142.89458,43.59086],[142.89584,43.58986],[142.89601,43.58917],[142.89666,43.58831],[142.89665,43.58732],[142.8959,43.58578],[142.89524,43.58536],[142.89452,43.58471],[142.89403,43.58398],[142.89229,43.58278],[142.89132,43.58258],[142.89096,43.5824],[142.89059,43.58207],[142.89031,43.58127],[142.89056,43.58047],[142.89053,43.5801],[142.89022,43.57939],[142.89031,43.5786],[142.89065,43.57834],[142.8908,43.57805],[142.89071,43.5764],[142.89089,43.57566],[142.8921,43.57352],[142.89302,43.5731],[142.89315,43.57278],[142.89304,43.57154],[142.89239,43.5703],[142.89241,43.57001],[142.89275,43.56968],[142.89303,43.56918],[142.89388,43.56867],[142.89458,43.56709],[142.89429,43.56638],[142.89243,43.56631],[142.89108,43.56568],[142.89068,43.56563],[142.88914,43.5659],[142.88849,43.56612],[142.8865,43.56639],[142.88458,43.56701],[142.8815,43.56772],[142.88076,43.56856],[142.87947,43.56861],[142.87818,43.56892],[142.87561,43.56991],[142.87496,43.56999],[142.87466,43.56975],[142.87367,43.56653],[142.87329,43.56564],[142.87234,43.56486],[142.87152,43.56471],[142.87115,43.56475],[142.86907,43.56572],[142.86803,43.56636],[142.86778,43.56619],[142.86747,43.56571],[142.86707,43.56534],[142.86641,43.56509],[142.86527,43.56506],[142.86433,43.56486],[142.86349,43.56492],[142.86174,43.56533],[142.86129,43.56516],[142.86096,43.56473],[142.86056,43.56323],[142.86079,43.56227],[142.86096,43.56058],[142.86078,43.55999],[142.86072,43.55879],[142.85979,43.55764],[142.85858,43.55683],[142.85766,43.55605],[142.85634,43.5559],[142.85583,43.55573],[142.85354,43.55362],[142.85312,43.55289],[142.8525,43.5524],[142.85188,43.55169],[142.85035,43.54906],[142.85016,43.54823],[142.85021,43.54737],[142.85044,43.5466],[142.85149,43.54533],[142.85201,43.54496],[142.85209,43.54458],[142.85174,43.54436],[142.85152,43.54402],[142.85156,43.54306],[142.85182,43.54257],[142.85245,43.54209],[142.85274,43.54159],[142.85266,43.54095],[142.85332,43.53896],[142.85331,43.53843],[142.85377,43.53691],[142.85377,43.53606],[142.85343,43.53524],[142.85204,43.53353],[142.85197,43.53291],[142.85249,43.53158],[142.85233,43.5308],[142.85188,43.52992],[142.8508,43.52828],[142.84991,43.52825],[142.849,43.52807],[142.84867,43.52772],[142.84825,43.5268],[142.84782,43.52654],[142.84229,43.52484],[142.83989,43.52344],[142.83955,43.52304],[142.83933,43.52238],[142.83898,43.52208],[142.83845,43.52217],[142.83717,43.52277],[142.83606,43.52314],[142.83363,43.52364],[142.83256,43.52373],[142.82986,43.5235],[142.82915,43.52372],[142.82779,43.52454],[142.82703,43.52512],[142.82626,43.52611],[142.82555,43.52657],[142.82498,43.52671],[142.82409,43.52668],[142.8234,43.5268],[142.82282,43.52721],[142.8224,43.52766],[142.82107,43.52786],[142.82046,43.52814],[142.81927,43.52832],[142.81784,43.52903],[142.81692,43.53017],[142.81635,43.53049],[142.81535,43.53075],[142.81169,43.53049],[142.80995,43.53],[142.8089,43.52951],[142.80701,43.52798],[142.80701,43.5278],[142.80442,43.52791],[142.80259,43.52785],[142.80141,43.52758],[142.79582,43.52524],[142.79171,43.52447],[142.78727,43.52431],[142.7849,43.52492],[142.78409,43.52537],[142.78203,43.52617],[142.78178,43.52642],[142.78074,43.52697],[142.78051,43.52738],[142.78047,43.52782],[142.78019,43.52824],[142.77971,43.52858],[142.77915,43.52935],[142.77867,43.52975],[142.77827,43.5307],[142.77818,43.53152],[142.77823,43.53265],[142.7781,43.53367],[142.77815,43.53407],[142.7784,43.53444],[142.77856,43.53505],[142.77907,43.53568],[142.78013,43.53657],[142.78029,43.53688],[142.78026,43.53799],[142.78041,43.53838],[142.78038,43.53907],[142.78107,43.53967],[142.78148,43.54057],[142.78174,43.54206],[142.7817,43.54232],[142.78149,43.54253],[142.78151,43.5427],[142.7819,43.54289],[142.78228,43.54349],[142.78309,43.54358],[142.78352,43.5439],[142.78363,43.54429],[142.78338,43.54517],[142.78294,43.54585],[142.78207,43.54665],[142.78158,43.54691],[142.78081,43.54713],[142.78029,43.5474],[142.78005,43.54764],[142.77887,43.54814],[142.77824,43.54856],[142.77787,43.54865],[142.7764,43.5487],[142.77528,43.54896],[142.77471,43.54882],[142.77401,43.54894],[142.7737,43.54883],[142.77307,43.54839],[142.77245,43.54837],[142.77214,43.54821],[142.77151,43.54756],[142.77114,43.54738],[142.77092,43.5474],[142.77038,43.54789],[142.76986,43.54803],[142.76982,43.54825],[142.77028,43.54868],[142.77005,43.54883],[142.76962,43.5488],[142.76914,43.54907],[142.76892,43.54952],[142.76761,43.54992],[142.76663,43.55049],[142.76625,43.55059],[142.76405,43.55025],[142.76283,43.55059],[142.76188,43.55072],[142.76051,43.55117],[142.75947,43.55123],[142.75862,43.55157],[142.75788,43.55244],[142.75684,43.55266],[142.75633,43.55321],[142.75607,43.55331],[142.75527,43.5533],[142.75498,43.55351],[142.75464,43.55422],[142.75403,43.55497],[142.75396,43.55551],[142.75362,43.55568],[142.75205,43.55545],[142.75079,43.555],[142.74936,43.5541],[142.74908,43.55249],[142.74888,43.55212],[142.74828,43.55155],[142.74836,43.55133],[142.7486,43.55114],[142.74888,43.5505],[142.74882,43.55022],[142.74823,43.54962],[142.74761,43.5494],[142.74662,43.54946],[142.74616,43.54978],[142.74529,43.55019],[142.74444,43.55093],[142.74292,43.5514],[142.74195,43.55192],[142.74133,43.55212],[142.74072,43.5525],[142.74047,43.55285],[142.74073,43.55333],[142.74029,43.55376],[142.74002,43.55426],[142.73968,43.55463],[142.73921,43.55486],[142.73848,43.55572],[142.73821,43.5559],[142.73688,43.5559],[142.73595,43.55634],[142.73554,43.55664],[142.73553,43.55682],[142.73599,43.55748],[142.73602,43.55767],[142.73542,43.55829],[142.73537,43.55852],[142.73526,43.55988],[142.73555,43.56105],[142.73499,43.56177],[142.73395,43.56255],[142.73381,43.56329],[142.73296,43.56426],[142.73206,43.56492],[142.73119,43.56524],[142.73087,43.56549],[142.73081,43.56571],[142.73039,43.56609],[142.72815,43.5671],[142.72762,43.56775],[142.72675,43.56806],[142.72569,43.56806],[142.72532,43.5683],[142.7251,43.5686],[142.72505,43.56892],[142.72383,43.56907],[142.72314,43.5693],[142.72193,43.56929],[142.7214,43.56954],[142.72065,43.57014],[142.71959,43.57022],[142.71947,43.57048],[142.71907,43.57066],[142.71786,43.57091],[142.71664,43.57168],[142.71605,43.57218],[142.71542,43.57321],[142.71418,43.57389],[142.71375,43.57443],[142.71328,43.57599],[142.72428,43.58317],[142.72248,43.58475],[142.72362,43.58604],[142.72245,43.58793],[142.72166,43.58831],[142.71908,43.58862],[142.71445,43.58992],[142.71369,43.59036],[142.71306,43.59166],[142.71026,43.59462],[142.71017,43.59514],[142.71154,43.59597],[142.71113,43.59632],[142.70914,43.59691],[142.70799,43.5975],[142.70747,43.5981],[142.70833,43.59992],[142.7068,43.60038],[142.70597,43.60138],[142.70545,43.6022],[142.70267,43.60409],[142.70245,43.60458],[142.70267,43.60546],[142.70045,43.60549],[142.69501,43.60648],[142.69459,43.6069],[142.68508,43.60782],[142.68556,43.60935],[142.68618,43.61002],[142.6869,43.61064],[142.68862,43.61136],[142.68952,43.61218],[142.68964,43.61312],[142.68941,43.61409],[142.68833,43.6158],[142.69103,43.61903],[142.69197,43.62047],[142.69294,43.62264],[142.69209,43.6241],[142.69213,43.6253],[142.69126,43.62993],[142.6952,43.6288],[142.69694,43.62867],[142.69773,43.62873],[142.69964,43.62911],[142.7008,43.62911],[142.70346,43.62874],[142.70683,43.62854],[142.71153,43.62743],[142.71587,43.62608],[142.71742,43.62537],[142.71898,43.62497],[142.72712,43.62387],[142.72837,43.62373],[142.72932,43.6238],[142.73092,43.62439],[142.73521,43.62459],[142.73606,43.62433],[142.74108,43.62207],[142.74614,43.62127],[142.74729,43.62076],[142.75425,43.62014],[142.7562,43.62062],[142.7577,43.62084],[142.76058,43.62022],[142.76168,43.62013],[142.76189,43.62021],[142.76292,43.6202],[142.76364,43.61946],[142.76436,43.61931],[142.7645,43.61917],[142.76564,43.61914],[142.76876,43.61758],[142.76934,43.61746],[142.77001,43.61747],[142.77145,43.6173],[142.7723,43.61693],[142.77287,43.617],[142.77312,43.61719],[142.77345,43.61774],[142.77517,43.61839],[142.77611,43.61838],[142.77729,43.61857],[142.77834,43.6193],[142.77882,43.62047],[142.7791,43.6207],[142.77951,43.62081],[142.78007,43.6208],[142.78084,43.62064],[142.78137,43.62067],[142.78274,43.62181],[142.78349,43.62223],[142.7841,43.62243],[142.78595,43.62271],[142.78647,43.62294],[142.78809,43.62329],[142.78869,43.62317],[142.78945,43.62231],[142.78975,43.6223],[142.79172,43.62288],[142.79237,43.62288],[142.79308,43.62302],[142.79383,43.62265],[142.79467,43.62269],[142.79555,43.6229],[142.79654,43.62298],[142.7968,43.62323],[142.79716,43.62335],[142.79747,43.62334],[142.79884,43.62294],[142.79948,43.62301],[142.79964,43.62334],[142.80023,43.62373],[142.80125,43.6241],[142.80234,43.6242],[142.80373,43.62361],[142.80624,43.62306],[142.80746,43.6231],[142.80867,43.62332],[142.80978,43.62322],[142.81106,43.62284],[142.81134,43.62284],[142.81181,43.62301],[142.81214,43.62331],[142.81242,43.6238],[142.81256,43.62387],[142.81289,43.62387],[142.81341,43.62413],[142.81498,43.62458],[142.81644,43.62531],[142.81685,43.62543],[142.81734,43.62543],[142.81836,43.62598],[142.81873,43.62662],[142.81927,43.62723],[142.81965,43.62751],[142.82007,43.62758],[142.82098,43.6274],[142.82155,43.62773],[142.8216,43.62792],[142.82175,43.62802],[142.82206,43.62802],[142.82242,43.62781],[142.8225,43.62742],[142.82286,43.62718],[142.82378,43.62566],[142.82448,43.62506],[142.82568,43.62447],[142.82715,43.62398],[142.82837,43.62374],[142.83083,43.62219],[142.83144,43.62168],[142.83214,43.6214],[142.83266,43.62132],[142.8331,43.6209],[142.83328,43.62031],[142.83303,43.61949],[142.83322,43.61852],[142.8334,43.61825],[142.8339,43.61788],[142.83499,43.61743],[142.83534,43.61692],[142.83757,43.61596],[142.83849,43.61525],[142.83924,43.61517],[142.83963,43.61525],[142.84117,43.61587],[142.84192,43.61647],[142.84223,43.61712],[142.84226,43.61757],[142.84259,43.61795],[142.84359,43.61797],[142.84435,43.61835],[142.84461,43.61877],[142.84437,43.61946],[142.84478,43.61991],[142.84461,43.62055],[142.84479,43.62087],[142.84478,43.62129],[142.84424,43.62212],[142.84417,43.6225],[142.84441,43.62281],[142.84406,43.62334],[142.84404,43.62357],[142.84435,43.62401],[142.84437,43.62446],[142.84329,43.62517],[142.84329,43.62554],[142.84381,43.62623],[142.84386,43.62642],[142.84458,43.6264],[142.84656,43.62673],[142.84705,43.62672],[142.8479,43.62718],[142.8487,43.62717],[142.85031,43.62687],[142.85111,43.62686],[142.85164,43.62698],[142.85183,43.62717],[142.85299,43.6272],[142.85378,43.62766],[142.85409,43.62762],[142.85472,43.62706],[142.85539,43.627],[142.85743,43.62636],[142.85877,43.6264],[142.86019,43.62555],[142.8619,43.62536],[142.86255,43.6255],[142.8626,43.6257],[142.86319,43.62543],[142.86349,43.6255],[142.86382,43.62579],[142.86409,43.62628],[142.86476,43.62664],[142.86513,43.62695],[142.8655,43.62746],[142.86619,43.62784],[142.86646,43.62854],[142.86783,43.62983],[142.86818,43.63105],[142.86855,43.63131],[142.86883,43.63139],[142.86891,43.63166],[142.86911,43.63172],[142.86905,43.63247],[142.86991,43.63351],[142.87051,43.63365],[142.87094,43.63366],[142.87177,43.63415],[142.87193,43.63437],[142.87203,43.63485],[142.87281,43.63541],[142.87377,43.63537],[142.87407,43.63554],[142.8747,43.63549],[142.87535,43.63579],[142.87548,43.63616],[142.87572,43.6364],[142.87717,43.63696],[142.87838,43.63692],[142.87951,43.63812],[142.87957,43.63928],[142.87933,43.63977],[142.87939,43.63997],[142.87875,43.64057],[142.87862,43.64188],[142.87939,43.64344],[142.87914,43.6439],[142.87932,43.64432],[142.88018,43.64483],[142.88112,43.64459],[142.88186,43.64539],[142.88336,43.64617],[142.88521,43.64667],[142.88568,43.64692],[142.88621,43.64741],[142.88732,43.64906],[142.88784,43.64953],[142.88786,43.65022],[142.88757,43.65053],[142.88748,43.65107],[142.88765,43.65153],[142.88808,43.65185],[142.88826,43.6523],[142.88876,43.6527],[142.89022,43.65296],[142.89091,43.65322],[142.89178,43.65431],[142.89186,43.65466],[142.8926,43.65538],[142.8929,43.65612],[142.89387,43.65697],[142.89419,43.6575],[142.89465,43.65802],[142.89503,43.65885],[142.89631,43.66],[142.89662,43.66014],[142.89743,43.66096],[142.89769,43.66135],[142.89831,43.66169],[142.89825,43.66281],[142.89797,43.6639],[142.899,43.66531],[142.89937,43.66603],[142.90101,43.66735],[142.90201,43.66759],[142.9029,43.66798],[142.90387,43.66812],[142.90578,43.66877],[142.90745,43.66893],[142.90819,43.66806],[142.90819,43.66783],[142.90761,43.66659],[142.90715,43.66606],[142.90745,43.66485]]]},"properties":{"id":"d0430","name":"天人峡","kind":"aza","label":[142.80324,43.59556]}},{"type":"Feature","geometry":{"type":"Polygon","coordinates":[[[142.43919,43.61842],[142.43951,43.61771],[142.43957,43.61686],[142.44049,43.61458],[142.44207,43.61479],[142.44346,43.61478],[142.4472,43.61375],[142.44974,43.61277],[142.45042,43.6126],[142.4479,43.61126],[142.4441,43.61005],[142.44347,43.60939],[142.44324,43.60894],[142.44345,43.60867],[142.44384,43.60844],[142.44399,43.60796],[142.44383,43.60772],[142.44188,43.60628],[142.43908,43.60569],[142.43246,43.60518],[142.43156,43.60555],[142.43152,43.60604],[142.43171,43.6064],[142.42695,43.60723],[142.42665,43.60916],[142.42646,43.61154],[142.42455,43.61172],[142.42359,43.61197],[142.42116,43.61273],[142.42064,43.61316],[142.42081,43.61402],[142.42162,43.61483],[142.42051,43.62076],[142.42023,43.62181],[142.42325,43.62224],[142.42446,43.6221],[142.42548,43.62135],[142.43053,43.6206],[142.43534,43.61832],[142.43871,43.61805],[142.43919,43.61842]]]},"properties":{"id":"d0440","name":"夕張","kind":"aza","label":[142.43433,43.61345]}},{"type":"Feature","geometry":{"type":"Polygon","coordinates":[[[142.40018,43.59376],[142.39867,43.59189],[142.39863,43.59107],[142.39887,43.58971],[142.39931,43.58946],[142.4001,43.58845],[142.40022,43.58808],[142.39989,43.58744],[142.39973,43.58734],[142.39927,43.58739],[142.39904,43.5873],[142.39883,43.58693],[142.39891,43.58606],[142.39908,43.58576],[142.39902,43.5855],[142.39918,43.58514],[142.39954,43.58489],[142.39993,43.58478],[142.40021,43.58421],[142.40013,43.5833],[142.39959,43.58271],[142.39802,43.58164],[142.39754,43.5812],[142.39799,43.57886],[142.39721,43.57834],[142.39728,43.57791],[142.39754,43.57755],[142.3981,43.5774],[142.39876,43.57697],[142.39935,43.57635],[142.39979,43.57613],[142.40126,43.57608],[142.40168,43.57598],[142.40168,43.57563],[142.40145,43.57515],[142.40075,43.57487],[142.39872,43.57487],[142.39731,43.57529],[142.39685,43.57522],[142.39681,43.57506],[142.3975,43.57414],[142.39756,43.5738],[142.39847,43.57329],[142.39838,43.57306],[142.39754,43.57226],[142.39651,43.57187],[142.39644,43.57164],[142.39652,43.57147],[142.3975,43.57141],[142.39918,43.57061],[142.3991,43.57019],[142.39886,43.56983],[142.39757,43.56885],[142.39594,43.56822],[142.39519,43.56819],[142.39485,43.56808],[142.39446,43.56776],[142.39437,43.5675],[142.39429,43.56629],[142.39347,43.566],[142.39306,43.56577],[142.39289,43.56551],[142.39315,43.56527],[142.39295,43.56377],[142.39318,43.56261],[142.39323,43.56184],[142.39225,43.55999],[142.39234,43.55934],[142.3921,43.55896],[142.39191,43.5581],[142.39168,43.55774],[142.3912,43.55736],[142.39113,43.5565],[142.39092,43.55571],[142.39044,43.55545],[142.39007,43.55505],[142.39014,43.55428],[142.38923,43.5539],[142.38868,43.55356],[142.388,43.55254],[142.38806,43.55235],[142.38869,43.55232],[142.38883,43.55172],[142.38804,43.55162],[142.38776,43.55143],[142.3872,43.5505],[142.38714,43.54941],[142.38652,43.549],[142.38589,43.54803],[142.38238,43.55026],[142.38105,43.55089],[142.37354,43.55016],[142.36591,43.55672],[142.36951,43.56208],[142.37115,43.5638],[142.37616,43.56757],[142.3754,43.56873],[142.37511,43.56971],[142.37577,43.57085],[142.37572,43.57162],[142.37731,43.57145],[142.37767,43.57189],[142.37788,43.57245],[142.37706,43.57326],[142.37459,43.57373],[142.37177,43.57485],[142.37051,43.57522],[142.36859,43.57561],[142.3733,43.57857],[142.37596,43.5801],[142.37777,43.58138],[142.38161,43.58451],[142.38578,43.58891],[142.38842,43.59136],[142.39027,43.59282],[142.3911,43.59326],[142.39202,43.59357],[142.39443,43.59413],[142.39787,43.5955],[142.39798,43.59509],[142.39913,43.59408],[142.40018,43.59376]]]},"properties":{"id":"d0450","name":"美園","kind":"aza","label":[142.38702,43.57175]}},{"type":"Feature","geometry":{"type":"Polygon","coordinates":[[[142.50375,43.52456],[142.49938,43.52399],[142.49657,43.5241],[142.49261,43.52457],[142.48877,43.52606],[142.48708,43.52682],[142.48526,43.52786],[142.48845,43.52914],[142.49024,43.52914],[142.49139,43.52923],[142.49179,43.5294],[142.49189,43.52982],[142.48989,43.53034],[142.4896,43.53056],[142.4892,43.53108],[142.49097,43.53156],[142.49155,43.53157],[142.49258,43.53139],[142.49403,43.53081],[142.49767,43.52815],[142.5023,43.5253],[142.50375,43.52456]]]},"properties":{"id":"d0470","name":"拓進","kind":"aza","label":[142.49258,43.52734]}},{"type":"Feature","geometry":{"type":"Polygon","coordinates":[[[142.51637,43.52428],[142.51612,43.52208],[142.5165,43.5214],[142.5172,43.52071],[142.51798,43.52034],[142.5247,43.51641],[142.52537,43.51585],[142.5257,43.515],[142.52592,43.51173],[142.52522,43.51197],[142.52412,43.5118],[142.5223,43.51048],[142.51881,43.50753],[142.51666,43.5081],[142.51606,43.50794],[142.51524,43.50749],[142.51359,43.50762],[142.51306,43.50743],[142.51257,43.50707],[142.51159,43.5071],[142.51086,43.50721],[142.50935,43.50764],[142.50867,43.50801],[142.50786,43.50975],[142.50806,43.51019],[142.50928,43.51102],[142.50965,43.51186],[142.50947,43.51259],[142.50897,43.51313],[142.50615,43.51436],[142.50615,43.51465],[142.5066,43.51488],[142.50775,43.51504],[142.50808,43.51531],[142.50813,43.51572],[142.50791,43.51668],[142.50783,43.51782],[142.50797,43.51827],[142.50834,43.51853],[142.50917,43.5189],[142.49598,43.5212],[142.49667,43.5241],[142.49938,43.52399],[142.50375,43.52456],[142.50531,43.52378],[142.50704,43.52511],[142.5101,43.52706],[142.51195,43.52574],[142.51261,43.52539],[142.51511,43.52457],[142.51637,43.52428]]]},"properties":{"id":"d0480","name":"常盤","kind":"aza","label":[142.51556,43.51725]}},{"type":"Feature","geometry":{"type":"Polygon","coordinates":[[[142.53062,43.52919],[142.53095,43.52911],[142.53748,43.52948],[142.5383,43.52936],[142.53928,43.52897],[142.54084,43.52784],[142.53984,43.52713],[142.53977,43.52683],[142.53928,43.52601],[142.53931,43.52563],[142.54021,43.5248],[142.54007,43.52449],[142.53987,43.52444],[142.53926,43.52466],[142.53789,43.52417],[142.53749,43.5238],[142.53739,43.52328],[142.53747,43.52273],[142.53851,43.52026],[142.539,43.52034],[142.54372,43.52035],[142.54501,43.52017],[142.54523,43.51929],[142.54578,43.51835],[142.54671,43.51709],[142.54859,43.51503],[142.551,43.51265],[142.55417,43.51036],[142.55525,43.50886],[142.55366,43.50944],[142.55315,43.5095],[142.5527,43.50944],[142.55056,43.50854],[142.55035,43.50675],[142.55007,43.50628],[142.54876,43.50545],[142.54581,43.50409],[142.54319,43.50672],[142.54233,43.50728],[142.54162,43.50759],[142.53839,43.50967],[142.53676,43.50894],[142.53604,43.50881],[142.53541,43.50886],[142.53218,43.50961],[142.53174,43.50979],[142.52911,43.51167],[142.5283,43.51181],[142.52727,43.51171],[142.52592,43.51173],[142.5257,43.515],[142.52537,43.51585],[142.5247,43.51641],[142.51798,43.52034],[142.5172,43.52071],[142.5165,43.5214],[142.51612,43.52208],[142.51637,43.52428],[142.51745,43.52442],[142.5182,43.52439],[142.51986,43.52401],[142.52013,43.52408],[142.52041,43.52454],[142.52082,43.52495],[142.52122,43.52515],[142.52305,43.52545],[142.52333,43.52569],[142.52324,43.52609],[142.52198,43.52724],[142.52175,43.52773],[142.52171,43.52795],[142.52196,43.53014],[142.52194,43.53117],[142.52158,43.53211],[142.52601,43.53169],[142.52899,43.53078],[142.52967,43.53029],[142.53035,43.52938],[142.53062,43.52919]]]},"properties":{"id":"d0490","name":"御牧","kind":"aza","label":[142.53435,43.51772]}},{"type":"Feature","geometry":{"type":"Polygon","coordinates":[[[142.47845,43.61371],[142.47674,43.61035],[142.47757,43.61023],[142.48052,43.61337],[142.48267,43.61293],[142.48349,43.6125],[142.48387,43.61222],[142.48445,43.61142],[142.48463,43.61066],[142.48525,43.61041],[142.48761,43.60987],[142.4881,43.60638],[142.48933,43.60372],[142.48971,43.60227],[142.48981,43.60124],[142.48954,43.59999],[142.48865,43.59767],[142.48727,43.59709],[142.48602,43.59631],[142.48424,43.59481],[142.48348,43.59489],[142.48243,43.59549],[142.48024,43.59742],[142.47937,43.59793],[142.47835,43.59886],[142.4764,43.59956],[142.47244,43.60067],[142.47316,43.60163],[142.47365,43.60513],[142.47244,43.60572],[142.47001,43.60793],[142.46925,43.60935],[142.46867,43.61106],[142.46809,43.61355],[142.46825,43.6147],[142.46846,43.61538],[142.46895,43.61621],[142.47121,43.61795],[142.47261,43.61707],[142.47424,43.61563],[142.47585,43.61455],[142.47845,43.61371]]]},"properties":{"id":"d0500","name":"大三","kind":"aza","label":[142.48017,43.60605]}},{"type":"Feature","geometry":{"type":"Polygon","coordinates":[[[142.52935,43.62484],[142.53002,43.62444],[142.53181,43.62398],[142.5331,43.62414],[142.53384,43.62401],[142.53449,43.62365],[142.53544,43.62338],[142.53632,43.62337],[142.53726,43.6231],[142.53926,43.62298],[142.54148,43.62252],[142.54208,43.62231],[142.54195,43.62124],[142.54208,43.62055],[142.54247,43.61992],[142.54332,43.61948],[142.54509,43.61941],[142.5462,43.61671],[142.54675,43.61608],[142.54827,43.61476],[142.54858,43.61438],[142.5492,43.61397],[142.54454,43.61437],[142.54126,43.61483],[142.53844,43.61507],[142.53722,43.61499],[142.53616,43.61452],[142.5332,43.61257],[142.53124,43.61263],[142.52813,43.61322],[142.52688,43.61329],[142.52645,43.61416],[142.52627,43.61416],[142.52599,43.61377],[142.52581,43.61369],[142.52502,43.61394],[142.52447,43.61438],[142.52416,43.61438],[142.52306,43.61398],[142.52282,43.61377],[142.52337,43.61369],[142.5238,43.61341],[142.52374,43.61308],[142.52444,43.61093],[142.51876,43.61133],[142.51823,43.61149],[142.51496,43.61322],[142.51456,43.61334],[142.51381,43.61338],[142.51182,43.6133],[142.50987,43.61303],[142.50762,43.61215],[142.50509,43.61089],[142.50467,43.61092],[142.50406,43.61126],[142.50373,43.61211],[142.50361,43.61311],[142.50315,43.61383],[142.50079,43.614],[142.4987,43.61463],[142.49756,43.61519],[142.49688,43.61595],[142.49639,43.61704],[142.49595,43.61879],[142.49906,43.61948],[142.50262,43.62066],[142.50342,43.62105],[142.50566,43.62294],[142.50744,43.6235],[142.50998,43.62387],[142.51211,43.6244],[142.51354,43.62455],[142.5162,43.62437],[142.51898,43.62488],[142.52192,43.62498],[142.52322,43.62529],[142.52642,43.62577],[142.52803,43.62541],[142.52935,43.62484]]]},"properties":{"id":"d0510","name":"赤羽","kind":"aza","label":[142.52094,43.61791]}},{"type":"Feature","geometry":{"type":"Polygon","coordinates":[[[142.46035,43.57759],[142.45932,43.57866],[142.45836,43.57893],[142.45554,43.58165],[142.45449,43.58307],[142.44809,43.58772],[142.44732,43.58982],[142.44752,43.58999],[142.44732,43.58982],[142.4472,43.59012],[142.44817,43.59079],[142.44924,43.59118],[142.45084,43.59194],[142.45196,43.59315],[142.45326,43.5941],[142.45637,43.59501],[142.45885,43.59601],[142.46217,43.5984],[142.4633,43.59831],[142.46533,43.59778],[142.46656,43.59775],[142.46752,43.59808],[142.46855,43.59874],[142.46969,43.59885],[142.4702,43.59903],[142.47154,43.59865],[142.47177,43.598],[142.47196,43.59786],[142.4737,43.59902],[142.475,43.59807],[142.47324,43.59688],[142.48144,43.59058],[142.47639,43.58713],[142.48112,43.5835],[142.4793,43.58226],[142.4778,43.58102],[142.47648,43.58132],[142.4732,43.58132],[142.47122,43.58151],[142.46742,43.58254],[142.46639,43.58312],[142.46487,43.58362],[142.46416,43.58394],[142.4623,43.58421],[142.46094,43.58295],[142.46067,43.58203],[142.46153,43.58149],[142.46245,43.58037],[142.46403,43.57876],[142.46134,43.57689],[142.46035,43.57759]],[[142.45262,43.58994],[142.45325,43.59039],[142.45254,43.58989],[142.45262,43.58994]],[[142.44788,43.59011],[142.44769,43.59004],[142.44818,43.59013],[142.44788,43.59011]],[[142.44844,43.59016],[142.44863,43.59011],[142.44844,43.59016],[142.44844,43.59016]],[[142.45012,43.58907],[142.44993,43.58923],[142.4503,43.58894],[142.45012,43.58907]],[[142.45062,43.58863],[142.45152,43.58921],[142.45228,43.58971],[142.45152,43.58921],[142.45062,43.58863]],[[142.46182,43.59621],[142.46159,43.59606],[142.46049,43.5953],[142.46159,43.59606],[142.46182,43.59621]],[[142.47029,43.59671],[142.47051,43.59686],[142.47099,43.59719],[142.47051,43.59686],[142.47029,43.59671]]]},"properties":{"id":"town","name":"市街地","kind":"town","label":[142.46292,43.58818]}}]}